StartDate,EndDate,Status,IPAddress,Progress,Duration (in seconds),Finished,RecordedDate,ResponseId,RecipientLastName,RecipientFirstName,RecipientEmail,ExternalReference,LocationLatitude,LocationLongitude,DistributionChannel,UserLanguage,Q1,Q125,Q126_First Click,Q126_Last Click,Q126_Page Submit,Q126_Click Count,Q4,Q61_First Click,Q61_Last Click,Q61_Page Submit,Q61_Click Count,Q145,Q146_First Click,Q146_Last Click,Q146_Page Submit,Q146_Click Count,Q156,Q157_First Click,Q157_Last Click,Q157_Page Submit,Q157_Click Count,Q167,Q168_First Click,Q168_Last Click,Q168_Page Submit,Q168_Click Count,Q178,Q179_First Click,Q179_Last Click,Q179_Page Submit,Q179_Click Count,Q225,Q226_First Click,Q226_Last Click,Q226_Page Submit,Q226_Click Count,Q227,Q228_First Click,Q228_Last Click,Q228_Page Submit,Q228_Click Count,Q229,Q230_First Click,Q230_Last Click,Q230_Page Submit,Q230_Click Count,Q231,Q232_First Click,Q232_Last Click,Q232_Page Submit,Q232_Click Count,Q5_1,Q6_1,Q227,Q229,Q231,Q233,Q235,Q237,Q104,Q47,Q48,Q132,Q105,Q127,Q128,Q133,Q52,Q129,Q130,Q134,Q92,Q97,Q98,Q99,Q100,Q8_1,Q62_1,Q63_1,Q64_1,Q83_1,Q66_1,Q67_1,Q68_1,Q69_1,Q74_1,Q75_1,Q76_1,Q77_1,Q80_1,Q81_1,Q91,Q38,Q40_1,Carta1_DO,Forbice1_DO,Sasso1_DO,Forbice2_DO,Carta2_DO,Sasso2_DO,Forbice3_DO,Carta3_DO,Sasso3_DO,Forbice4_DO,Carta4_DO,Sasso4_DO,Forbice5_DO,Carta5_DO,Sasso5_DO,Sasso6_DO,Carta6_DO,Forbice6_DO,Sasso7_DO,Carta7_DO,Forbice7_DO,Sasso8_DO,Carta8_DO,Forbice8_DO,Carta9_DO,Sasso9_DO,Forbice9_DO,Sasso10_DO,Carta10_DO,Forbice10_DO
Start Date,End Date,Response Type,IP Address,Progress,Duration (in seconds),Finished,Recorded Date,Response ID,Recipient Last Name,Recipient First Name,Recipient Email,External Data Reference,Location Latitude,Location Longitude,Distribution Channel,User Language,"Bentornat*, ti chiediamo di inserire un codice che ci permetterà di collegare le risposte che hai dato al precedente questionario con quelle che darai adesso.RIusa lo stesso codice composto dalla 1° e 2° lettera del tuo nome, dalla 1° e 2° lettera della tua città di nascita e i quattro numeri che compongono il tuo giorno e mese di nascita. Esempio: Marco da Vicenza 01/03/1990  = mavi0103",1. Scegli tra carta sasso o forbice per giocare a morra cinese:,Timing - First Click,Timing - Last Click,Timing - Page Submit,Timing - Click Count,2. Scegli tra carta sasso o forbice per giocare a morra cinese:,Timing - First Click,Timing - Last Click,Timing - Page Submit,Timing - Click Count,3. Scegli tra carta sasso o forbice per giocare a morra cinese:,Timing - First Click,Timing - Last Click,Timing - Page Submit,Timing - Click Count,4. Scegli tra carta sasso o forbice per giocare a morra cinese:,Timing - First Click,Timing - Last Click,Timing - Page Submit,Timing - Click Count,5. Scegli tra carta sasso o forbice per giocare a morra cinese:,Timing - First Click,Timing - Last Click,Timing - Page Submit,Timing - Click Count,6. Scegli tra carta sasso o forbice per giocare a morra cinese:,Timing - First Click,Timing - Last Click,Timing - Page Submit,Timing - Click Count,7. Scegli tra carta sasso o forbice per giocare a morra cinese:,Timing - First Click,Timing - Last Click,Timing - Page Submit,Timing - Click Count,8. Scegli tra carta sasso o forbice per giocare a morra cinese:,Timing - First Click,Timing - Last Click,Timing - Page Submit,Timing - Click Count,9. Scegli tra carta sasso o forbice per giocare a morra cinese:,Timing - First Click,Timing - Last Click,Timing - Page Submit,Timing - Click Count,10. Scegli tra carta sasso o forbice per giocare a morra cinese:,Timing - First Click,Timing - Last Click,Timing - Page Submit,Timing - Click Count,Secondo te il Computer forniva risposte a caso o in modo strategico? - .,Quanto hai modificato la tua strategia di gioco tra il primo e il secondo questionario? - Ho cambiato la mia strategia:,1. 10 lanci della moneta hanno prodotto il seguente risultato: CTTTCTTTCT,2. 10 lanci della moneta hanno prodotto il seguente risultato: TCCCCTTTCT,3. 10 lanci della moneta hanno prodotto il seguente risultato: CTCTCCCCCC,4. 10 lanci della moneta hanno prodotto il seguente risultato: TCTTCTTCCT,5. 10 lanci della moneta hanno prodotto il seguente risultato: CTTCCTTCTC,"Ora immagina che le sequenze che ti abbiamo presentato in precedenza siano 50 lanci consecutivi della stessa moneta, valuta nel complesso quanto casuali o predeterminati siano stati i risultati.",Quanto brutto o bello ritieni questo quadro?,Quanto familiare ti sembra questo quadro?,Pensi che l'opera sia stata generata in modo casuale?,Ti sembra che nel dipinto siano presenti dei pattern visivi o delle figure particolari?,Quanto brutto o bello ritieni questo quadro?,Quanto familiare ti sembra questo quadro?,Pensi che l'opera sia stata generata in modo casuale?,Ti sembra che nel dipinto siano presenti dei pattern visivi o delle figure particolari?,Quanto brutto o bello ritieni questo quadro?,Quanto familiare ti sembra questo quadro?,Pensi che l'opera sia stata generata in modo casuale?,Ti sembra che nel dipinto siano presenti dei pattern visivi o delle figure particolari?,Ho bisogno di stare sulla difensiva con gli/ altr*,Le persone cercano di farmi arrabbiare,Gli estranei/amici mi guardano in modo critico,Le persone ridono di me,I miei pensieri/azioni potrebbero essere controllati da altr*,"1. Il governo è coinvolto nell’assassinio di
cittadini innocenti e/o di famose figure pubbliche, e lo mantiene segreto - è probabile che questa affermazione sia vera","2.     Il potere detenuto dai capi di stato è
subordinato a quello di un gruppo sconosciuto che controlla realmente le
politiche mondiali - è probabile che questa affermazione sia vera","3.     Ci sono organizzazioni segrete che comunicano
con gli extraterrestri, ma tengono nascosto questo fatto alla popolazione - è probabile che questa affermazione sia vera","4.     La diffusione di alcuni virus e/o malattie è
il risultato di sforzi deliberati e nascosti di alcune organizzazioni. - è probabile che questa affermazione sia vera","5.     Gruppi di scienziati manipolano, fabbricano o
censurano evidenze allo scopo di ingannare la popolazione. - è probabile che questa affermazione sia vera","6.     Il governo permette o perpetra atti di
terrorismo sul proprio territorio, mascherando il suo coinvolgimento. - è probabile che questa affermazione sia vera","7.     Un piccolo gruppo segreto di persone è il
responsabile di tutte le maggiori decisioni mondiali, come il far scoppiare le
guerre - è probabile che questa affermazione sia vera","8.     La prova del contatto alieno è stata nascosta
alla popolazione - è probabile che questa affermazione sia vera","9.     Tecnologie con capacità di controllo mentale
sono usate sulle persone senza che lo sappiano - è probabile che questa affermazione sia vera","10.  Nuove ed avanzate tecnologie che
danneggerebbero l’attuale industria sono state soppresse - è probabile che questa affermazione sia vera","11.  Il governo usa persone come capri espiatori
per nascondere il suo coinvolgimento in attività criminali - è probabile che questa affermazione sia vera","12.  Alcuni fatti significativi sono stati il
risultato dell’attività di un piccolo gruppo che segretamente manipola eventi
mondiali - è probabile che questa affermazione sia vera","13.  Alcuni avvistamenti e dicerie sugli UFO sono
stati pianificati o messi in scena allo scopo di distrarre la popolazione dal
vero contatto alieno - è probabile che questa affermazione sia vera","14.  Esperimenti che coinvolgono nuovi farmaci o
tecnologie sono quotidianamente portati avanti alle spalle della popolazione,
senza il loro consenso - è probabile che questa affermazione sia vera","15.  Molte informazioni importanti sono
deliberatamente nascoste al pubblico per interessi personali - è probabile che questa affermazione sia vera",Genere,Età (in cifre),Come consideri il tuo orientamento politico?,Carta 1 - Display Order,Forbice 1 - Display Order,Sasso 1 - Display Order,Forbice 2 - Display Order,Carta 2 - Display Order,Sasso 2 - Display Order,Forbice 3 - Display Order,Carta 3 - Display Order,Sasso 3 - Display Order,Forbice 4 - Display Order,Carta 4 - Display Order,Sasso 4 - Display Order,Forbice 5 - Display Order,Carta 5 - Display Order,Sasso 5 - Display Order,Sasso 6 - Display Order,Carta 6 - Display Order,Forbice 6 - Display Order,Sasso 7 - Display Order,Carta 7 - Display Order,Forbice 7 - Display Order,Sasso 8 - Display Order,Carta 8 - Display Order,Forbice 8 - Display Order,Carta 9 - Display Order,Sasso 9 - Display Order,Forbice 9 - Display Order,Sasso 10 - Display Order,Carta 10 - Display Order,Forbice 10 - Display Order
2021-04-11 07:12:16,2021-04-11 07:17:23,0,2.37.51.136,100,306,1,2021-04-11 07:17:23,R_1gI5yg5vhD56b9r,,,,,45.37939453125,11.7816009521484,anonymous,EN,Atad16,,,,,,1,1.98,34.022,34.688,23,,,,,,,,,,,,,,,,,,,,,,,,,,,,,,,,,,,,,,,,,64,59,,,,,,,,7,1,,,,,,4,,,,5,5,2,5,5,10,10,10,10,10,10,10,7,4,5,6,6,6,5,,G,333,58,,,,,,,,,,,,,,,,,,,,,,,,,,,,,,
2021-04-11 17:59:54,2021-04-11 17:59:59,1,,100,4,1,2021-04-11 17:59:59,R_3qEG3fdPRMpjdF6,,,,,45.4096069335938,11.8946990966797,preview,EN,,,,,,,,,,,,,,,,,,,,,,,,,,,,,,,,,,,,,,,,,,,,,,,,,,,,,,,,,,,,,,,,,,,,,,,,,,,,,,,,,,,,,,,,,,,,,,,,,,,,,,,,,,,,,,,,,,,,,,,,,,,,
2021-04-11 18:01:03,2021-04-11 18:01:21,1,,100,17,1,2021-04-11 18:01:21,R_3r2FTkFMV0pSe8B,,,,,45.5050048828125,9.21989440917969,preview,EN,,,,,,,,,,,,,,,,,,,,,,,,,,,,,,,,,,,,,,,,,,,,,,,,,,,,,,,,,,,,,,,,,,,,,,,,,,,,,,,,,,,,,,,,,,,,,,,,,,,,,,,,,,,,,,,,,,,,,,,,,,,,
2021-04-11 18:02:06,2021-04-11 18:02:54,1,,100,48,1,2021-04-11 18:02:55,R_2653FsboRKlaG4b,,,,,45.4096069335938,11.8946990966797,preview,EN,,,1.07,1.07,1.759,1,,0,0,1.358,0,,0,0,1.317,0,,0,0,1.354,0,,0,0,1.191,0,,0,0,1.152,0,,0,0,1.29,0,,0,0,1,0,,0,0,1.067,0,,0,0,1.211,0,,,,,,,,,,,,,,,,,,,,,,,,,,,,,,,,,,,,,,,,,,,,,,,,,,,,,,,,,,,,,,,,,,,,,,,,,
2021-04-11 18:06:41,2021-04-11 18:09:50,1,,100,188,1,2021-04-11 18:09:51,R_3sulHxpKNagkmSJ,,,,,45.5050048828125,9.21989440917969,preview,EN,aria0103,3,1.255,1.255,2.385,1,2,0.429,0.429,2.66,1,1,1.179,1.179,2.33,1,3,0.489,0.489,1.432,1,3,0.765,0.765,1.829,1,2,0.785,2.097,2.618,2,2,1.611,1.611,2.692,1,2,0.558,0.558,1.929,1,2,0.869,0.869,2.125,1,2,0.94,0.94,2.468,1,75,75,,,,,,,6,7,5,6,5,6,5,5,6,6,5,,,,,,,5,10,,,,,,,,,,,,,,qwr,123,96,,sasso,,,,sasso,,sasso,,carta,,,forbice,,,carta,,,forbice,,,forbice,,,,carta,,forbice,,
2021-04-12 09:13:07,2021-04-12 09:28:38,0,176.247.170.16,100,931,1,2021-04-12 09:28:39,R_aVSq6MjHZraAh1f,,,,,45.6495971679688,11.7866973876953,anonymous,EN,RUIC0906,1,1.076,1.076,2.512,1,2,0.565,0.565,1.433,1,3,0.708,0.708,1.55,1,2,0.562,0.562,1.42,1,1,2.218,2.218,4.539,1,1,1.264,1.264,2.131,1,3,0.714,0.714,1.526,1,1,1.105,1.105,2.012,1,3,0.935,0.935,1.77,1,1,0.894,0.894,1.751,1,100,,,,,,,,2,2,6,1,4,1,6,1,1,1,6,1,5,5,5,5,5,10,6,6,6,7,6,5,6,7,8,9,9,8,9,10,SONO GABRIEL,2E+028,24,carta,,,,,sasso,sasso,,,,,sasso,,carta,sasso,,sasso,,,,carta,,forbice,,,,sasso,,carta,
2021-04-12 12:02:43,2021-04-12 12:07:17,0,87.5.40.248,100,274,1,2021-04-12 12:07:17,R_1GK2gxyG8L77ojY,,,,,46.5018005371094,11.3471069335938,anonymous,EN,ieov0612,3,2.469,2.469,3.381,1,3,1.814,1.814,3.051,1,1,0.567,0.567,1.269,1,3,1.171,1.171,1.769,1,2,0.701,0.701,1.442,1,1,0.373,0.373,1.175,1,2,0.354,0.354,1.083,1,3,0.497,0.497,1.229,1,2,0.155,0.155,0.912,1,2,0.231,0.231,0.802,1,100,62,1,1,1,1,1,1,2,2,3,1,2,2,3,1,2,2,3,1,1,1,1,1,1,0,0,0,0,0,1,0,0,0,1,1,0,0,0,2,M,23,13,,carta,,forbice,,,,carta,,forbice,,,,,forbice,,carta,,sasso,,,,,sasso,,forbice,,carta,,
2021-04-12 12:03:03,2021-04-12 12:07:42,0,151.42.175.79,100,279,1,2021-04-12 12:07:42,R_1DG8lnxfPkq9H7o,,,,,44.0574951171875,12.5653076171875,anonymous,EN,usim2209,3,6.576,6.576,8.817,1,1,3.971,3.971,6.098,1,1,1.24,1.24,3.226,1,2,0.662,0.662,1.354,1,3,0.544,0.544,1.161,1,1,0.454,0.454,1.151,1,2,0.484,0.484,1.131,1,2,0.51,0.51,1.233,1,3,0.55,1.279,2.496,2,1,0.468,0.468,1.108,1,97,1,1,1,1,1,1,1,6,5,3,2,4,3,3,2,4,5,3,2,2,1,1,1,2,0,0,0,0,1,1,0,0,1,0,1,1,0,0,0,femmina,32,27,,sasso,,,sasso,,,forbice,,,,forbice,carta,,,,sasso,,carta,,,forbice,,,,,forbice,,sasso,
2021-04-12 12:03:13,2021-04-12 12:08:01,0,62.18.136.92,100,287,1,2021-04-12 12:08:01,R_s7Dq6hzpXG5Nh5L,,,,,45.5500030517578,10.25,anonymous,EN,omal1204,2,1.135,1.499,2.351,2,2,0.517,0.517,0.897,1,2,0.467,0.467,0.849,1,2,0.377,0.377,0.759,1,2,0.403,0.403,0.836,1,2,0.265,0.265,0.743,1,2,0.365,0.365,0.799,1,2,0.317,0.317,0.718,1,2,0.335,0.335,0.792,1,2,0.332,0.332,0.763,1,100,88,2,2,2,2,2,2,4,3,3,1,2,1,4,8,4,4,8,8,2,1,1,2,1,0,0,0,0,0,0,0,0,0,4,0,0,0,3,3,M,25,35,,,forbice,,,carta,,,forbice,,,forbice,,,carta,forbice,,,forbice,,,forbice,,,,sasso,,sasso,,
2021-04-12 12:03:21,2021-04-12 12:08:30,0,37.117.74.124,100,308,1,2021-04-12 12:08:30,R_sNVX8oniN4WU57b,,,,,45.4096069335938,11.8946990966797,anonymous,EN,LARE0602,1,6.427,7.656,9.232,2,1,3.066,3.066,4.322,1,3,1.063,1.063,1.632,1,3,1.531,1.531,2.505,1,2,0.97,0.97,1.833,1,2,2.136,2.136,2.841,1,1,0.661,0.661,1.375,1,3,1.776,1.776,2.467,1,2,1.384,1.384,2.029,1,2,0.626,0.626,1.432,1,100,9,1,1,1,1,1,1,6,2,1,3,1,1,2,4,7,2,4,2,4,1,2,1,1,2,,,2,3,10,1,,,1,10,1,,6,9,Femmina,24,21,forbice,,,,forbice,,forbice,,,carta,,,,,carta,carta,,,,sasso,,,,carta,,sasso,,carta,,
2021-04-12 12:03:24,2021-04-12 12:08:41,0,147.162.110.41,100,317,1,2021-04-12 12:08:42,R_1gjNM1OixjAeWut,,,,,45.4096069335938,11.8946990966797,anonymous,EN,leas0810,1,1.783,1.783,3.292,1,1,1.101,1.101,2.378,1,1,1.014,1.014,2.451,1,1,1.008,1.008,2.413,1,1,1.086,1.086,2.571,1,1,1.478,1.478,3.094,1,1,0.911,0.911,2.593,1,1,1.19,1.19,3.011,1,1,0.941,0.941,2.688,1,1,0.957,0.957,3.327,1,100,,1,1,1,1,1,1,5,6,8,1,5,,3,2,6,4,4,2,2,2,3,2,1,,,,,,,,,,,,,,,,Maschio,25,27,sasso,,,,forbice,,,carta,,,forbice,,,forbice,sasso,,carta,,,carta,,,sasso,,carta,,,,forbice,
2021-04-12 12:03:19,2021-04-12 12:08:49,0,93.37.210.98,100,330,1,2021-04-12 12:08:50,R_eaFMGwJeVM1UqTD,,,,,45.4936981201172,12.2449951171875,anonymous,EN,LBAS0309,1,2.105,2.105,2.986,1,2,0.66,0.66,1.254,1,3,0.572,0.572,1.105,1,3,1.944,1.944,2.571,1,1,0.649,0.649,1.559,1,2,0.539,0.539,1.152,1,2,0.603,1.167,1.678,2,1,1.622,1.622,2.281,1,3,1.472,2.17,2.794,2,2,0.987,0.987,1.509,1,50,69,3,3,2,2,2,3,7,4,8,8,6,4,8,3,6,4,3,3,3,2,3,2,3,7,2,3,1,1,2,1,2,1,2,1,1,1,3,4,Maschio ,23,32,carta,,,,,sasso,sasso,,,sasso,,,,carta,sasso,forbice,,,sasso,,,,carta,,,,forbice,carta,,
2021-04-12 12:02:51,2021-04-12 12:08:50,0,37.160.42.213,100,358,1,2021-04-12 12:08:50,R_1U4UCQptpukZTdn,,,,,43.1479034423828,12.1096954345703,anonymous,EN,ERRE1204,1,1.077,1.077,2.5,1,2,1.002,1.002,1.701,1,3,2.2,2.852,3.492,2,2,0.802,0.802,1.489,1,1,0.502,0.502,1.188,1,3,0.899,0.899,1.425,1,2,0.402,0.402,1.145,1,3,0.802,0.802,1.594,1,1,0.501,0.501,1.252,1,1,0.503,2.295,8.404,3,74,0,1,1,1,1,1,1,6,7,5,1,2,1,3,8,6,6,6,1,4,1,1,1,4,,,,,,,,,,,0,0,,,,Femmine,23,47,carta,,,,,carta,forbice,,,,,forbice,,forbice,sasso,,,forbice,sasso,,,,,carta,carta,,,,carta,
2021-04-12 12:02:55,2021-04-12 12:09:15,0,147.162.110.41,100,379,1,2021-04-12 12:09:15,R_1hMdQdXADpor1Ku,,,,,45.4096069335938,11.8946990966797,anonymous,EN,auad1307,1,2.101,2.101,3.037,1,3,1.081,1.081,1.797,1,2,0.574,0.574,1.529,1,3,0.676,0.676,1.199,1,1,0.301,0.301,0.885,1,2,0.676,0.676,1.426,1,3,0.402,0.402,1.289,1,1,0.302,0.302,1.14,1,2,0.482,0.482,0.999,1,3,0.301,0.301,0.801,1,30,29,3,4,5,4,5,5,4,4,2,2,3,3,2,8,4,5,8,8,3,1,1,2,1,1,0,1,0,0,0,0,5,0,0,0,0,5,0,5,Femmina,22,31,carta,,,carta,,,,,carta,forbice,,,,sasso,sasso,forbice,,,,,forbice,,forbice,,,carta,,,,carta
2021-04-12 12:02:59,2021-04-12 12:09:27,0,5.90.116.74,100,387,1,2021-04-12 12:09:27,R_3NKtuskdh4izyFX,,,,,43.54150390625,11.1766052246094,anonymous,EN,auir2307,1,5.847,5.847,6.634,1,3,1.601,1.601,2.502,1,2,1.214,1.214,2.117,1,1,0.898,0.898,1.643,1,3,0.502,0.502,1.088,1,2,0.681,0.681,1.513,1,1,0.401,0.401,1.223,1,2,2.901,2.901,3.426,1,3,0.612,0.612,1.109,1,3,0.966,0.966,1.433,1,79,32,1,1,1,1,1,1,3,1,3,4,2,1,3,2,5,4,3,1,2,2,2,2,1,,0,,1,,2,3,,,6,2,,,,6,Femmina,22,21,sasso,,,forbice,,,,,forbice,,carta,,forbice,,,carta,,,,forbice,,sasso,,,,,Q209,,,forbice
2021-04-12 12:02:54,2021-04-12 12:09:41,0,2.36.159.98,100,407,1,2021-04-12 12:09:41,R_29mDHJE9meV7LRW,,,,,45.6880950927734,9.72479248046875,anonymous,EN,aran0601,1,3.767,3.767,4.887,1,2,1.242,1.242,2.576,1,3,1.211,1.211,2.356,1,3,1.256,1.256,2.549,1,3,1.089,1.089,2.292,1,2,1.253,1.253,2.398,1,1,1.147,1.147,2.496,1,2,1.164,1.164,2.292,1,3,0.857,0.857,2.227,1,1,1.338,1.338,2.552,1,80,90,1,1,1,1,1,2,4,2,3,2,2,1,2,2,4,3,3,2,3,2,3,3,2,4,0,0,2,6,4,,,4,1,1,,,,5,femmina,25,76,forbice,,,,,carta,carta,,,carta,,,sasso,,,sasso,,,,forbice,,carta,,,,,sasso,,sasso,
2021-04-12 12:02:52,2021-04-12 12:10:06,0,151.36.37.1,100,433,1,2021-04-12 12:10:06,R_tFJZd1lQDrfbtgB,,,,,45.5050048828125,9.21989440917969,anonymous,EN,lbor0902,3,4.757,4.757,6.148,1,2,2.966,2.966,4.066,1,2,1.068,1.068,2.207,1,2,2.271,2.271,3.387,1,3,2.319,2.319,3.198,1,3,2.021,2.021,3.034,1,3,1.658,1.658,2.785,1,2,2.435,2.435,3.956,1,3,1.131,1.131,2.309,1,1,0.309,1.733,2.685,3,100,50,2,1,6,1,1,1,2,4,4,1,2,3,2,3,3,4,4,2,2,1,2,2,1,3,0,1,0,1,1,0,1,0,0,2,0,0,0,1,maschile,25,17,,carta,,,,carta,,,sasso,,,forbice,forbice,,,,,forbice,,,carta,sasso,,,,,Q209,,carta,
2021-04-12 12:02:30,2021-04-12 12:10:13,0,2.34.190.253,100,462,1,2021-04-12 12:10:14,R_xbih2C8EdmEEA8N,,,,,44.6753997802734,11.0397033691406,anonymous,EN,iaol2012,1,4.861,4.861,5.931,1,2,6.726,6.726,7.819,1,3,6.301,6.301,7.334,1,1,0.861,0.861,1.63,1,1,0.501,0.501,1.411,1,3,3.009,4.1,4.926,3,2,0.861,0.861,1.681,1,1,0.611,0.611,1.514,1,3,0.531,0.531,1.374,1,2,0.577,0.577,1.214,1,60,92,1,1,1,1,1,1,4,6,3,1,4,3,3,2,4,4,3,3,2,1,3,2,1,1,1,1,1,1,0,1,0,1,2,1,1,1,2,3,M,25,25,sasso,,,,,forbice,sasso,,,,forbice,,,carta,sasso,,,forbice,sasso,,,,carta,,,,Q209,forbice,,
2021-04-12 12:02:46,2021-04-12 12:10:18,0,5.91.22.246,100,452,1,2021-04-12 12:10:19,R_3L7JcyiqBArmUGR,,,,,45.5431060791016,11.54150390625,anonymous,EN,lean2012,3,4.001,5.001,5.829,2,3,1.301,1.301,2.201,1,3,1.801,1.801,2.866,1,3,2.101,2.101,2.911,1,2,2.1,2.1,4.595,1,1,4.599,4.599,5.167,1,1,0.902,0.902,1.648,1,1,0.687,0.687,1.487,1,1,0.801,0.801,1.535,1,3,1.266,1.266,1.869,1,82,68,5,2,5,3,2,3,6,5,3,8,4,3,3,3,6,5,4,1,3,2,4,3,1,2,1,3,1,2,1,2,3,2,1,2,1,1,3,4,Femmina,23,22,,forbice,,carta,,,forbice,,,sasso,,,,,carta,,forbice,,,carta,,,sasso,,sasso,,,,,carta
2021-04-12 12:03:04,2021-04-12 12:10:41,0,2.34.179.92,100,456,1,2021-04-12 12:10:41,R_xt0mlQl7kwMObT3,,,,,45.9638977050781,10.9111022949219,anonymous,EN,icis2005,1,1.363,1.363,2.91,1,2,0.612,0.612,1.34,1,3,0.633,0.633,1.668,1,1,0.739,0.739,1.51,1,2,0.478,0.478,1.372,1,3,0.408,0.408,1.321,1,1,0.741,0.741,1.568,1,2,0.474,0.474,1.24,1,3,0.696,0.696,1.476,1,1,0.601,0.601,1.412,1,99,71,1,1,1,1,1,1,4,2,5,3,4,1,1,3,4,1,1,1,1,1,1,1,1,0,0,0,0,0,0,5,0,4,0,0,0,0,0,0,M,38,4,carta,,,,,sasso,sasso,,,,forbice,,,,forbice,,,sasso,,sasso,,carta,,,,,Q209,,forbice,
2021-04-12 12:02:54,2021-04-12 12:10:44,0,62.18.192.5,100,470,1,2021-04-12 12:10:45,R_W36WKGUAANqpiTv,,,,,45.3491058349609,11.8713989257813,anonymous,EN,Arir0605,2,3.211,3.211,4.312,1,3,1.942,1.942,3.016,1,2,2.127,2.127,2.634,1,1,1.781,1.781,2.342,1,2,1.173,1.173,1.633,1,3,0.854,0.854,1.366,1,1,0.516,0.516,1.107,1,2,0.964,0.964,1.615,1,3,0.695,0.695,1.155,1,1,1.629,1.629,2.14,1,30,76,3,3,3,3,5,2,3,3,8,1,3,2,3,8,6,5,4,8,4,2,4,3,1,1,2,0,1,0,1,0,0,0,0,2,,0,0,1,Donna ,22,21,,,carta,sasso,,,,,carta,,forbice,,,,carta,,,sasso,,carta,,carta,,,,,Q209,,forbice,
2021-04-12 12:02:51,2021-04-12 12:10:48,0,5.90.108.250,100,477,1,2021-04-12 12:10:48,R_RLxXyukXp2nF42Z,,,,,43.7686004638672,11.2509002685547,anonymous,EN,auel0510,1,2.881,2.881,4.557,1,1,5.756,5.756,7.743,1,2,1.408,2.739,4.288,2,1,2.111,3.1,3.965,2,2,0.739,0.739,1.903,1,2,3.73,3.73,4.931,1,2,1.807,1.807,3.287,1,1,0.887,0.887,2.21,1,3,1.415,1.415,2.828,1,2,0.962,0.962,2.615,1,71,72,3,3,3,3,3,3,4,4,4,8,5,4,3,8,5,4,3,8,1,1,1,1,1,1,1,,,,,,,,3,,,,,2,maschio,24,36,forbice,,,,carta,,,,carta,,carta,,,,forbice,forbice,,,carta,,,,sasso,,,,Q209,carta,,
2021-04-12 12:02:45,2021-04-12 12:11:08,0,151.95.99.92,100,502,1,2021-04-12 12:11:08,R_28CchxwmvwQQp1w,,,,,45.3818969726563,11.0446929931641,anonymous,EN,brus0802,1,2.158,2.158,3.239,1,1,0.696,1.294,2.083,2,1,0.647,1.228,2.253,2,1,0.588,0.588,1.32,1,1,1.061,1.061,1.767,1,1,1.897,1.897,2.499,1,1,0.667,0.667,1.463,1,1,0.717,0.717,1.321,1,1,0.526,0.526,1.163,1,1,0.42,0.42,1.032,1,80,10,3,1,1,5,3,3,5,5,3,8,5,3,8,8,5,4,8,8,2,2,3,2,1,3,1,1,,,2,4,3,1,10,3,2,1,,1,Maschile ,24,57,sasso,,,,forbice,,,sasso,,,sasso,,,sasso,sasso,,sasso,,,carta,,,carta,,carta,,,,forbice,
2021-04-12 12:02:50,2021-04-12 12:11:26,0,185.44.214.152,100,515,1,2021-04-12 12:11:26,R_3kAlTRUoE53GoPg,,,,,45.4214019775391,12.0294036865234,anonymous,EN,aren2811,1,1.823,1.823,3.585,1,3,3.158,3.158,7.257,1,3,3.19,3.19,4.958,1,1,2.585,2.585,4.093,1,2,4.572,4.572,5.885,1,3,1.367,1.367,5.461,1,1,6.486,6.486,9.697,1,2,1.266,1.266,3.462,1,1,2.693,6.638,11.953,2,3,9.787,10.378,11.78,2,0,81,6,5,5,5,5,4,7,4,8,4,6,2,8,3,6,5,4,8,2,2,2,1,1,2,,,1,0,1,,,,,1,,,,2,femmina,23,27,carta,,,sasso,,,sasso,,,,sasso,,,,carta,,,carta,,sasso,,sasso,,,sasso,,,,,sasso
2021-04-12 12:03:09,2021-04-12 12:11:39,0,188.12.248.135,100,509,1,2021-04-12 12:11:39,R_2fJvvKtwKwTh8oc,,,,,45.2111968994141,11.8361968994141,anonymous,EN,LEAD1809,1,0.999,0.999,2.088,1,1,0.642,0.642,1.348,1,1,0.651,0.651,1.469,1,1,0.584,0.584,1.319,1,1,0.681,0.681,1.404,1,1,0.665,0.665,1.46,1,1,0.571,0.571,1.32,1,1,0.526,0.526,1.256,1,1,0.906,0.906,1.641,1,1,0.544,0.544,1.504,1,40,,3,2,5,2,2,3,5,5,8,8,5,2,8,3,4,4,8,2,3,3,2,1,2,,,,0,0,,,,,,,,,,,maschio,22,56,sasso,,,,sasso,,,carta,,,carta,,,sasso,sasso,,sasso,,,carta,,,forbice,,carta,,,,forbice,
2021-04-12 12:02:33,2021-04-12 12:11:39,0,95.232.11.227,100,545,1,2021-04-12 12:11:40,R_1qepOu5hPwULW3U,,,,,45.6618041992188,12.2427978515625,anonymous,EN,ican2812,1,15.759,15.759,17.395,1,3,10.324,10.324,11.374,1,2,1.599,1.599,2.741,1,3,1.599,1.599,2.721,1,3,2.027,2.027,3.206,1,1,8.939,8.939,10.062,1,3,3.844,3.844,5.087,1,1,1.482,1.482,2.738,1,2,4.993,4.993,6.114,1,1,1.991,1.991,3.092,1,60,60,2,2,5,3,3,5,7,4,8,8,6,3,8,8,7,5,5,8,2,2,2,3,2,0,1,2,0,0,2,1,4,2,5,7,7,2,2,4,M,23,0,forbice,,,carta,,,,,carta,carta,,,sasso,,,,sasso,,,,forbice,,forbice,,,sasso,,,forbice,
2021-04-12 12:04:15,2021-04-12 12:11:45,0,151.36.47.245,100,449,1,2021-04-12 12:11:45,R_2c8hIicjYZoq94Z,,,,,45.5050048828125,9.21989440917969,anonymous,EN,arst0111,1,1.827,1.827,2.914,1,2,0.891,0.891,1.536,1,3,0.66,0.66,1.455,1,1,0.783,0.783,1.57,1,2,0.701,0.701,1.665,1,2,0.742,0.742,1.576,1,1,1.201,1.201,2.248,1,2,0.5,0.5,1.408,1,3,0.616,0.616,1.376,1,1,1.83,1.83,2.732,1,21,60,1,1,1,1,1,1,6,4,8,8,2,2,8,8,5,4,3,8,1,1,1,1,1,,,,,,0,1,,,1,,,,,1,f,50,65,forbice,,,,,forbice,carta,,,,carta,,,,carta,forbice,,,,carta,,carta,,,,,Q209,,forbice,
2021-04-12 12:02:35,2021-04-12 12:12:01,0,188.218.101.147,100,565,1,2021-04-12 12:12:01,R_3IcQ3iZ5V5S1HIJ,,,,,45.4129943847656,11.8805999755859,anonymous,EN,imth1810,1,2.609,2.609,3.998,1,2,0.626,0.626,1.68,1,3,1.009,1.009,1.92,1,1,1.028,1.028,2.328,1,2,0.595,0.595,1.579,1,3,0.658,0.658,1.743,1,2,1.184,1.184,2.742,1,3,0.636,0.636,1.613,1,1,1.36,1.36,2.887,1,1,0.664,0.664,1.853,1,73,23,3,2,2,2,2,2,7,6,4,8,6,4,4,8,7,5,4,4,1,1,2,2,3,6,6,5,5,4,3,6,7,6,5,5,5,5,4,3,femmina,53,66,carta,,,,,forbice,carta,,,,sasso,,,,carta,,,sasso,carta,,,,,forbice,carta,,,,carta,
2021-04-12 12:03:25,2021-04-12 12:12:06,0,87.3.244.173,100,520,1,2021-04-12 12:12:06,R_1esqrg0Q6QTmwk2,,,,,44.0574951171875,12.5653076171875,anonymous,EN,ndes2301,1,5.292,5.292,6.443,1,2,1.746,1.746,2.354,1,3,1.552,1.552,2.425,1,1,0.525,0.525,1.158,1,3,0.616,0.616,1.35,1,2,0.35,0.35,0.988,1,1,0.366,0.502,1.501,2,3,0.418,0.418,1.314,1,3,0.341,1.726,1.981,3,1,0.201,0.585,1.168,2,50,30,5,3,5,1,1,1,5,4,2,3,3,1,1,1,5,4,3,2,1,1,1,2,1,1,3,,,0,,7,,,7,2,2,,6,7,uomo,26,0,carta,,,,,sasso,sasso,,,,sasso,,carta,,,carta,,,,carta,,,,forbice,,,forbice,,forbice,
2021-04-12 12:03:29,2021-04-12 12:12:15,0,37.161.136.52,100,525,1,2021-04-12 12:12:15,R_11Zma03oAx5PxfX,,,,,43.1479034423828,12.1096954345703,anonymous,EN,ARON0604,2,4.002,4.002,4.851,1,1,13.17,13.17,13.852,1,3,6.481,6.481,6.99,1,1,1.778,1.778,2.389,1,3,1.627,1.627,2.066,1,1,0.55,1.018,1.98,2,2,5.077,5.542,6.522,2,1,2.624,2.624,3.101,1,3,1.647,1.647,2.699,1,1,2.215,2.215,3.694,1,35,75,2,1,2,1,1,1,6,4,8,4,3,3,3,8,7,5,8,8,2,1,2,2,2,3,,,,3,4,,,2,5,7,,,,4,Uomo,25,20,,,carta,,carta,,forbice,,,,forbice,,sasso,,,,sasso,,sasso,,,,sasso,,,,Q209,,carta,
2021-04-12 12:03:12,2021-04-12 12:12:41,0,37.77.123.96,100,569,1,2021-04-12 12:12:42,R_3TSkrdzVPnFm20F,,,,,43.1479034423828,12.1096954345703,anonymous,EN,arbo0805,3,1.632,1.632,4.501,1,2,1.989,1.989,3.115,1,1,0.972,4.884,6.131,3,2,1.477,1.477,2.732,1,3,0.868,2.042,2.842,2,2,4.816,4.816,6.092,1,3,0.796,0.796,1.993,1,1,0.826,2.033,2.993,2,3,0.672,1.795,2.401,2,3,1.432,1.432,2.67,1,30,10,5,3,3,2,5,2,6,6,8,2,4,4,3,2,7,5,5,1,3,1,3,2,1,1,0,0,0,0,1,1,0,0,0,2,,,,,femmina,24,50,,sasso,,,,forbice,,forbice,,,,carta,carta,,,carta,,,,,forbice,,forbice,,,,forbice,,,sasso
2021-04-12 12:02:46,2021-04-12 12:12:54,0,79.44.213.141,100,608,1,2021-04-12 12:12:55,R_1otlTn551fH44DE,,,,,45.5431060791016,11.54150390625,anonymous,EN,read2307,1,25.111,27.564,28.617,2,3,7.375,7.375,10.172,1,3,7.533,9.994,10.96,2,1,0.7,0.7,1.401,1,3,4.385,4.385,5.603,1,3,5.677,5.677,6.739,1,2,11.344,17.779,19.016,3,1,1.74,4.656,5.496,3,3,1.057,1.057,1.88,1,2,3.493,3.493,6.298,1,80,50,4,3,3,3,3,3,4,7,5,2,4,7,5,2,5,7,5,2,2,1,2,2,2,1,,,,,1,,,,,,,,,,Femmina,24,13,forbice,,,sasso,,,sasso,,,,sasso,,forbice,,,,,carta,carta,,,,forbice,,,,Q209,forbice,,
2021-04-12 12:02:34,2021-04-12 12:13:02,0,93.34.225.141,100,628,1,2021-04-12 12:13:03,R_3nDfqRBjdVi3uXr,,,,,45.4096069335938,11.8946990966797,anonymous,EN,ores2706,3,8.628,8.628,10.19,1,2,5.939,5.939,7.068,1,3,6.388,6.388,7.222,1,1,5.88,5.88,6.936,1,3,5.209,5.209,6.038,1,2,9.17,9.17,9.971,1,3,3.878,3.878,4.511,1,1,5.154,5.154,5.932,1,2,2.894,2.894,3.61,1,3,3.193,3.193,3.945,1,0,80,2,2,2,2,2,2,3,2,8,8,2,2,8,3,3,4,8,3,3,2,2,2,2,9,2,1,2,2,3,1,3,4,2,4,1,1,2,7,M,25,44,,carta,,,,forbice,forbice,,,,carta,,carta,,,forbice,,,,,forbice,,carta,,,sasso,,,,carta
2021-04-12 12:02:41,2021-04-12 12:13:11,0,93.51.172.34,100,629,1,2021-04-12 12:13:11,R_1q3vn7voEGbq0Zf,,,,,45.4096069335938,11.8946990966797,anonymous,EN,miub2907,1,1.509,1.509,3.326,1,1,7.184,7.184,9.098,1,2,13.122,13.122,14.419,1,3,8.491,8.491,9.831,1,1,6.949,6.949,10.001,1,3,7.848,7.848,9.166,1,3,1.339,1.339,2.379,1,3,1.287,1.287,2.376,1,3,0.928,0.928,1.997,1,3,1.517,1.517,5.792,1,40,,7,6,1,5,4,6,4,4,4,8,2,4,3,3,5,5,4,2,3,2,1,2,2,3,3,,2,,2,,,,4,7,1,,,3,Femmina,22,46,sasso,,,,sasso,,,,sasso,forbice,,,,forbice,sasso,,,forbice,,,sasso,,,sasso,,,Q209,,,sasso
2021-04-12 12:03:04,2021-04-12 12:13:28,0,82.54.242.195,100,624,1,2021-04-12 12:13:28,R_3PdDbbeZbpL8c1C,,,,,45.4311981201172,12.3381958007813,anonymous,EN,teen1203,1,5.367,5.367,8.044,1,2,5.35,5.35,6.495,1,3,0.643,0.643,2.151,1,3,1.924,1.924,4.664,1,2,1.628,2.675,3.522,2,1,1.352,1.352,2.285,1,2,0.469,0.469,1.311,1,3,0.401,0.401,1.269,1,3,1.645,3.637,4.648,4,3,2.502,2.502,3.57,1,100,50,3,1,3,1,1,1,4,7,6,1,2,,4,3,7,6,6,1,2,1,3,2,2,4,,,,,4,,,,,3,,,2,0,Maschio,25,25,forbice,,,,,forbice,sasso,,,sasso,,,,,forbice,,forbice,,forbice,,,,,forbice,,,Q209,,,carta
2021-04-12 12:02:30,2021-04-12 12:14:13,0,87.8.9.44,100,703,1,2021-04-12 12:14:13,R_8doSzX9Poo6EMxj,,,,,45.6618041992188,12.2427978515625,anonymous,EN,ioir1403,2,4.931,4.931,5.858,1,2,0.499,0.499,1.386,1,2,0.506,0.506,1.436,1,2,0.61,0.61,1.44,1,2,0.393,0.393,1.211,1,2,0.488,0.488,1.427,1,2,0.711,0.711,1.675,1,2,0.423,0.423,1.218,1,1,0.567,0.567,1.419,1,3,0.607,0.607,1.337,1,50,42,1,1,1,1,1,1,6,6,8,2,4,3,3,3,6,4,8,8,3,2,2,2,2,0,1,0,0,0,1,1,0,0,0,2,0,0,0,4,f,24,11,,,forbice,,,sasso,,,sasso,,,sasso,,,carta,forbice,,,forbice,,,carta,,,carta,,,,,sasso
2021-04-12 12:04:29,2021-04-12 12:14:25,0,93.70.83.62,100,596,1,2021-04-12 12:14:26,R_2EBtl0pzCa7Lyjv,,,,,45.4317016601563,10.9859008789063,anonymous,EN,giacomo6,1,3.097,3.097,4.047,1,2,0.655,0.655,1.462,1,3,0.576,0.576,1.387,1,1,2.308,3.404,4.243,2,2,0.477,0.477,1.207,1,3,0.614,0.614,1.455,1,1,0.556,1.372,2.246,2,2,0.559,0.559,1.254,1,3,0.574,0.574,1.353,1,1,1.11,1.11,2.243,1,0,100,7,7,7,7,7,7,7,7,3,3,5,3,3,3,7,4,3,3,2,2,3,3,2,4,4,0,0,0,0,2,4,0,7,4,4,0,8,8,Uomo,24,65,sasso,,,,,forbice,sasso,,,,carta,,,,carta,,,sasso,,forbice,,carta,,,,,forbice,,forbice,
2021-04-12 12:06:46,2021-04-12 12:14:52,0,5.102.13.250,100,485,1,2021-04-12 12:14:52,R_2XoOHdi2ygqymf8,,,,,45.3415069580078,11.0014953613281,anonymous,EN,ofad1712,2,1.739,1.739,3.077,1,1,0.929,0.929,2.063,1,3,0.958,0.958,2.224,1,2,1.119,1.119,2.228,1,1,0.743,0.743,2.009,1,3,1.199,1.199,2.444,1,2,1.092,1.092,2.318,1,1,0.95,0.95,2.048,1,2,0.855,0.855,2.326,1,3,0.943,0.943,2.141,1,50,,3,3,3,3,3,3,5,7,4,1,4,1,3,8,5,5,4,8,2,2,3,2,1,5,,,,5,1,,,,2,2,,,3,3,F,25,25,,,forbice,,sasso,,forbice,,,,,forbice,,carta,sasso,,,carta,sasso,,,,sasso,,,carta,,,,carta
2021-04-12 12:02:59,2021-04-12 12:16:13,0,109.52.206.195,100,794,1,2021-04-12 12:16:13,R_1ovtpn0TbmupSWy,,,,,43.1479034423828,12.1096954345703,anonymous,EN,lero2004,1,11.511,11.511,13.346,1,2,15.977,15.977,17.971,1,2,2.803,2.803,4.412,1,3,1.451,1.451,2.702,1,1,1.675,1.675,3.135,1,1,2.963,2.963,4.313,1,3,1.397,1.397,2.515,1,2,0.983,0.983,2.321,1,1,1.482,1.482,2.918,1,2,1.009,1.009,2.324,1,71,50,4,1,1,4,4,3,3,2,4,4,2,1,5,1,4,3,3,8,1,1,1,2,1,1,3,,1,3,1,,,2,3,3,,,2,2,femminile,22,7,forbice,,,,,carta,,,carta,sasso,,,,carta,sasso,,forbice,,,,forbice,sasso,,,carta,,,forbice,,
2021-04-12 12:02:38,2021-04-12 12:16:17,0,93.45.94.19,100,818,1,2021-04-12 12:16:17,R_2CUulAGFj3QkSsj,,,,,45.4096069335938,11.8946990966797,anonymous,EN,Marta1,1,4.002,4.002,5.06,1,3,1.901,1.901,2.759,1,2,3.301,3.301,4.498,1,1,2.201,2.201,3.26,1,3,1.301,1.301,5.586,1,2,0.601,0.601,1.729,1,1,0.501,0.501,1.346,1,3,0.502,0.502,1.014,1,2,0.801,0.801,1.72,1,1,1.201,1.201,2.011,1,80,76,1,1,1,1,1,1,5,5,3,8,4,4,8,3,6,4,3,2,3,2,2,2,2,3,2,1,1,3,2,7,1,,,5,8,1,3,6,Femminile,23,38,sasso,,,forbice,,,,,sasso,,sasso,,carta,,,forbice,,,,forbice,,,,sasso,,sasso,,,forbice,
2021-04-12 12:18:25,2021-04-12 12:25:52,0,151.38.131.111,100,447,1,2021-04-12 12:25:53,R_2VezMpH6SagCEr1,,,,,45.5050048828125,9.21989440917969,anonymous,EN,Abre2705,2,2.068,2.068,2.934,1,2,1.035,1.035,1.576,1,2,0.995,0.995,1.576,1,2,0.846,0.846,1.444,1,2,0.597,0.597,1.254,1,2,0.528,0.528,1.052,1,1,1.773,1.773,2.101,1,1,1.558,1.558,2.024,1,1,0.868,0.868,1.283,1,2,0.454,0.454,0.922,1,20,70,6,4,6,2,4,5,3,3,8,4,3,3,8,3,3,4,8,3,2,2,2,2,2,6,3,1,5,6,6,1,2,2,2,5,3,2,4,7,Maschio,22,52,,,sasso,,,forbice,,,carta,,,sasso,,,carta,forbice,,,,forbice,,,carta,,forbice,,,forbice,,
2021-04-12 13:56:25,2021-04-12 14:05:43,0,93.41.44.172,100,558,1,2021-04-12 14:05:44,R_pJGgom8cy77I9Q5,,,,,45.5386047363281,10.2106018066406,anonymous,EN,arra1303,2,4.037,4.037,4.565,1,2,2.625,2.625,3.21,1,2,1.638,1.638,2.096,1,1,1.498,1.498,1.949,1,3,1.901,1.901,2.432,1,1,1.978,1.978,2.462,1,3,3.901,3.901,4.471,1,2,1.872,1.872,2.261,1,2,5.676,5.676,6.147,1,3,2.81,2.81,3.318,1,40,10,1,1,1,1,1,1,6,5,5,2,2,2,5,2,7,4,6,1,2,1,1,1,1,0,0,0,0,0,0,0,0,0,0,0,0,0,1,6,F,25,24,,,sasso,,,sasso,,,forbice,,carta,,sasso,,,,forbice,,,,carta,sasso,,,,forbice,,,,carta
2021-04-15 10:57:36,2021-04-15 11:02:45,0,79.49.18.203,100,308,1,2021-04-15 11:02:46,R_2P88nHu215LyaNw,,,,,45.4129943847656,11.8805999755859,anonymous,EN,anbu99,2,1.634,1.634,2.665,1,1,4.039,4.039,5.005,1,3,0.478,0.478,1.176,1,3,0.536,0.536,1.083,1,3,0.442,0.442,0.929,1,2,0.458,0.458,1.004,1,1,0.492,0.492,1.164,1,3,0.57,0.57,1.139,1,2,0.364,0.364,1.014,1,3,0.296,0.296,1.162,1,100,0,1,1,1,1,1,1,5,4,1,1,5,3,1,1,5,3,1,1,3,2,2,2,2,2,,10,,,,2,10,,,3,,10,0,,Maschio,22,45,,,carta,,carta,,sasso,,,carta,,,sasso,,,carta,,,,sasso,,,,carta,,carta,,,,carta
2021-04-15 10:57:37,2021-04-15 11:02:59,0,5.170.212.171,100,322,1,2021-04-15 11:02:59,R_2EoftumckSOKt74,,,,,45.4096069335938,11.8946990966797,anonymous,EN,dame1709,1,1.982,1.982,3.079,1,3,0.933,0.933,1.94,1,1,0.616,0.616,1.296,1,2,0.523,0.523,1.33,1,1,0.586,0.586,1.412,1,3,1.151,1.151,2.04,1,2,0.616,0.616,1.745,1,2,0.63,0.63,1.357,1,1,0.713,0.713,1.44,1,3,0.536,0.536,1.439,1,90,60,3,2,4,3,2,2,4,6,5,2,3,4,3,8,5,6,5,2,3,1,2,3,3,1,,,,,,,,,2,1,1,,1,5,Maschile,22,31,carta,,,forbice,,,,carta,,,,forbice,,sasso,sasso,,,forbice,sasso,,,forbice,,,forbice,,,,,carta
2021-04-15 11:00:41,2021-04-15 11:03:21,0,79.36.55.145,100,160,1,2021-04-15 11:03:22,R_3JqNK0oUxVEhV9W,,,,,45.5431060791016,11.54150390625,anonymous,EN,anmo2203,1,1.771,1.771,2.667,1,2,0.571,0.571,1.347,1,3,0.631,0.631,1.536,1,1,0.601,0.601,1.545,1,2,0.44,0.44,1.27,1,3,0.544,0.544,1.51,1,1,0.572,0.572,1.41,1,2,0.776,0.776,1.639,1,3,0.499,0.499,1.314,1,1,0.648,0.648,1.574,1,5,100,4,4,4,5,5,5,1,1,1,8,1,2,8,8,1,1,2,2,2,2,1,2,1,,0,,,,,,,,1,,,,,1,M,43,60,sasso,,,,,forbice,carta,,,,sasso,,,,forbice,,,carta,,sasso,,carta,,,,,Q209,,sasso,
2021-04-15 10:57:37,2021-04-15 11:03:28,0,93.45.92.99,100,351,1,2021-04-15 11:03:29,R_2QYQ8FDNIVwwzL6,,,,,45.4096069335938,11.8946990966797,anonymous,EN,vevi1702,3,3.179,3.179,4.111,1,1,1.377,1.377,2.141,1,1,0.394,0.394,1.119,1,3,0.694,0.694,1.53,1,2,1.067,1.067,2.08,1,1,2.377,2.377,3.433,1,3,0.876,0.876,1.664,1,3,0.937,0.937,1.669,1,2,0.685,0.685,1.506,1,1,0.735,0.735,1.727,1,45,60,4,3,3,3,3,2,6,3,3,8,5,3,3,8,6,5,3,8,3,2,2,2,2,4,2,,,1,2,,,2,3,2,,,4,6,femmina,22,23,,forbice,,,carta,,,carta,,carta,,,,,carta,,sasso,,,,carta,,,sasso,,forbice,,,forbice,
2021-04-15 10:57:37,2021-04-15 11:03:30,0,151.61.172.51,100,352,1,2021-04-15 11:03:30,R_ZK0k2ZyUffQmw6d,,,,,45.9781036376953,12.3054962158203,anonymous,EN,Emam1208,1,13.499,13.499,14.549,1,2,0.87,0.87,1.982,1,2,0.571,0.571,1.487,1,1,0.695,0.695,1.458,1,3,0.623,0.623,1.519,1,2,0.46,0.46,1.288,1,1,0.58,0.58,1.541,1,2,0.637,0.637,1.519,1,3,0.529,0.529,1.253,1,1,0.566,0.566,1.402,1,60,41,3,3,3,3,5,4,3,3,1,8,2,,1,2,3,3,1,8,2,1,1,1,2,0,0,0,1,0,0,0,0,0,3,0,0,0,0,1,Femmina,23,22,carta,,,,,forbice,,,sasso,,forbice,,forbice,,,carta,,,,sasso,,sasso,,,,,Q209,,carta,
2021-04-15 10:57:38,2021-04-15 11:03:42,0,95.236.189.122,100,364,1,2021-04-15 11:03:43,R_1eyEe5qj34JfUep,,,,,45.4096069335938,11.8946990966797,anonymous,EN,anvi1007,3,3.556,3.556,4.961,1,1,1.854,4.973,6.286,2,1,0.86,0.86,2.176,1,2,1.347,1.347,2.308,1,3,1.358,1.358,2.849,1,1,0.907,1.342,2.848,2,2,1.558,1.558,2.784,1,1,0.953,2.283,2.841,2,1,2.998,2.998,4.412,1,2,2.141,2.141,3.247,1,50,61,1,1,1,1,1,1,3,5,1,3,4,4,8,3,4,4,3,3,2,2,2,1,1,2,1,1,,,2,2,2,2,3,2,,,,,femmina,27,49,,sasso,,,forbice,,,carta,,,,forbice,carta,,,,sasso,,carta,,,,sasso,,sasso,,,sasso,,
2021-04-15 10:57:38,2021-04-15 11:03:43,0,151.95.112.53,100,365,1,2021-04-15 11:03:44,R_DJ3kG5sqzmzjjTX,,,,,45.4096069335938,11.8946990966797,anonymous,EN,mave1610,3,4.305,5.377,5.699,2,2,3.157,3.157,4.003,1,2,6.225,6.225,7.002,1,1,0.816,0.816,1.67,1,1,0.829,0.829,1.656,1,3,1.831,1.831,2.688,1,2,1.29,1.29,2.038,1,3,0.631,0.631,1.522,1,1,0.448,0.448,1.301,1,1,0.4,0.4,1.281,1,70,80,4,3,4,3,3,3,2,3,8,3,1,1,3,8,2,4,8,3,2,1,2,2,3,3,1,0,0,2,1,0,1,1,1,2,1,8,1,4,maschio,21,60,,carta,,,,carta,,,sasso,,carta,,,carta,sasso,,,carta,sasso,,,,,sasso,forbice,,,,forbice,
2021-04-15 10:57:39,2021-04-15 11:04:18,0,109.118.118.250,100,398,1,2021-04-15 11:04:18,R_3j1W8HD1trazaih,,,,,44.6535034179688,10.923095703125,anonymous,EN,nc1980,2,1.501,6.662,10.273,2,2,0.748,0.748,2.143,1,2,0.956,0.956,2.83,1,2,0.977,0.977,2.049,1,2,0.7,0.7,1.759,1,2,0.801,0.801,4.573,1,2,1.166,1.166,2.397,1,2,0.813,0.813,1.973,1,2,0.92,0.92,2.102,1,2,0.908,0.908,2.081,1,70,,1,1,1,1,1,1,3,3,4,2,2,2,4,2,2,2,2,1,2,2,3,1,1,8,,1,,,,,1,,6,7,,,4,,uomo,22,32,,,forbice,,,sasso,,,sasso,,,carta,,,forbice,forbice,,,forbice,,,sasso,,,,forbice,,forbice,,
2021-04-15 10:57:38,2021-04-15 11:04:26,0,31.27.180.136,100,408,1,2021-04-15 11:04:27,R_26m7yii0jmgKLS4,,,,,45.7203979492188,12.4622955322266,anonymous,EN,gimo0912,2,1.604,1.604,3.251,1,1,1.756,1.756,2.971,1,2,0.883,0.883,2.02,1,3,0.81,0.81,2.022,1,1,0.976,0.976,2.172,1,3,1.087,2.575,4.245,2,2,0.836,0.836,2.618,1,3,0.861,3.05,4.257,2,2,1.288,1.288,2.641,1,1,0.92,0.92,2.237,1,6,100,1,1,1,1,1,1,4,4,8,2,3,1,8,3,4,2,2,3,2,1,1,2,2,0,0,0,0,0,0,0,0,0,2,0,0,0,0,3,maschio,21,35,,,sasso,,carta,,,,carta,carta,,,,carta,sasso,,,forbice,sasso,,,,,forbice,,carta,,,sasso,
2021-04-15 10:57:39,2021-04-15 11:04:38,0,93.35.182.16,100,419,1,2021-04-15 11:04:39,R_C39bzgQBpUCOFlD,,,,,38.1298980712891,13.3276062011719,anonymous,EN,dcpa0712,1,6.102,6.102,8.371,1,2,5.56,5.56,7.008,1,1,2.852,2.852,4.229,1,2,4.236,7.034,8.145,2,1,2.005,2.005,3.093,1,1,0.986,0.986,2.235,1,3,1.098,1.098,2.313,1,3,0.993,0.993,2.19,1,3,0.921,0.921,2.018,1,3,0.872,0.872,1.992,1,71,20,1,1,1,1,1,1,6,5,8,2,3,3,4,2,7,5,4,2,3,2,2,3,3,10,,,,,,,,1,3,,,,,3,maschio,21,16,sasso,,,,,forbice,,sasso,,,,sasso,,forbice,sasso,,sasso,,,,sasso,,,forbice,,,sasso,,,carta
2021-04-15 10:57:36,2021-04-15 11:04:39,0,62.170.205.70,100,423,1,2021-04-15 11:04:40,R_03f0QqpntpvZ2Eh,,,,,45.6139984130859,9.19760131835938,anonymous,EN,datr2109,2,1.029,1.029,2.339,1,1,0.749,0.749,1.636,1,3,0.574,0.574,1.496,1,1,0.542,3.232,4.316,4,3,0.823,0.823,2.082,1,1,1.164,1.164,2.497,1,1,0.482,0.482,1.775,1,3,14.362,14.362,16.052,1,2,0.739,2.864,4.811,3,1,0.734,0.734,1.843,1,10,20,3,3,3,3,3,5,5,4,8,8,3,3,3,2,6,5,3,8,3,2,4,2,1,3,1,,,,,,,,1,3,,,,,M,24,30,,,carta,,forbice,,carta,,,,sasso,,sasso,,,,sasso,,,sasso,,,,carta,,carta,,,carta,
2021-04-15 10:57:38,2021-04-15 11:04:41,0,151.95.123.87,100,422,1,2021-04-15 11:04:41,R_9NAPznXP365g18J,,,,,45.4096069335938,11.8946990966797,anonymous,EN,lupd0101,2,1.644,1.644,2.992,1,2,0.829,0.829,1.975,1,3,1.552,1.552,2.398,1,3,1.41,1.41,2.753,1,3,1.512,1.512,2.241,1,3,0.802,0.802,1.846,1,3,0.662,0.662,1.73,1,3,0.715,0.715,2.038,1,3,0.817,0.817,1.702,1,3,1.207,1.207,2.092,1,50,50,5,2,6,3,2,4,3,3,3,3,2,2,3,3,4,4,8,3,2,1,1,1,1,0,,,,,,,,,,,,,,,M,25,10,,,carta,,,sasso,forbice,,,sasso,,,carta,,,,,carta,,,forbice,,,forbice,,,Q209,,,forbice
2021-04-15 10:57:53,2021-04-15 11:04:42,0,95.232.254.212,100,408,1,2021-04-15 11:04:42,R_1IGecYk0XzP8umM,,,,,45.6618041992188,12.2427978515625,anonymous,EN,matr1410,3,9.801,9.801,11.199,1,3,1.668,1.668,3.199,1,3,1.085,1.085,2.134,1,3,0.758,0.758,2.065,1,3,0.582,0.582,1.567,1,3,0.702,0.702,1.584,1,3,0.546,0.546,1.412,1,1,0.902,0.902,1.953,1,1,0.619,0.619,1.493,1,2,0.338,0.868,1.901,2,30,70,3,2,1,4,4,2,4,3,3,3,4,3,4,8,4,3,5,2,2,1,1,1,2,4,,0,,,,,,2,,2,,,,,maschio,23,33,,forbice,,carta,,,forbice,,,forbice,,,forbice,,,,,sasso,,,sasso,,carta,,carta,,,sasso,,
2021-04-15 10:57:38,2021-04-15 11:04:47,0,82.52.124.66,100,428,1,2021-04-15 11:04:48,R_3GpOZ44WNrwAYIJ,,,,,45.4555053710938,11.8838958740234,anonymous,EN,FePi1411,2,1.328,1.328,2.437,1,2,1.125,1.125,2.029,1,2,0.603,0.603,1.416,1,2,1.466,1.466,2.381,1,2,0.86,0.86,1.784,1,2,1.086,1.086,1.958,1,3,1.309,1.309,2.274,1,2,4.134,4.134,4.946,1,2,0.946,0.946,1.916,1,3,4.196,4.196,5.033,1,1,100,6,6,7,7,5,6,7,4,1,5,5,4,5,4,7,4,2,3,4,5,5,2,5,7,0,6,5,7,4,0,10,1,8,1,0,5,8,10,Maschio,22,100,,,carta,,,forbice,,,carta,,,forbice,,,carta,forbice,,,,,carta,sasso,,,,forbice,,,,carta
2021-04-15 10:57:43,2021-04-15 11:04:58,0,176.206.187.174,100,435,1,2021-04-15 11:04:58,R_22CYBAmVz6Ng5da,,,,,45.4096069335938,11.8946990966797,anonymous,EN,Site2507,1,1.657,1.657,2.755,1,3,0.334,0.334,1.03,1,2,0.443,0.443,1.124,1,2,0.712,1.88,2.611,2,3,0.108,0.108,0.828,1,1,0.763,0.763,1.66,1,2,0.41,0.41,1.207,1,1,1.182,1.182,1.892,1,3,0.531,0.531,1.179,1,1,0.398,0.95,1.691,2,70,100,5,5,6,3,3,4,6,3,5,2,2,3,8,3,6,4,5,2,2,3,2,2,2,1,2,,2,,,4,,,5,7,4,,1,8,mashio,21,79,forbice,,,sasso,,,,,carta,,,carta,carta,,,,sasso,,forbice,,,,forbice,,,,Q209,,sasso,
2021-04-15 10:57:40,2021-04-15 11:04:57,0,212.216.124.30,100,437,1,2021-04-15 11:04:59,R_2fd4EuaopYhY9eu,,,,,45.4317016601563,10.9859008789063,anonymous,EN,leve1912,3,13.949,13.949,15.141,1,2,2.286,2.286,3.378,1,3,0.797,1.883,2.666,2,1,0.669,0.669,1.8,1,2,12.096,12.096,13.342,1,2,0.71,0.71,1.666,1,3,0.685,1.588,1.99,2,1,0.623,0.623,3.176,1,1,0.481,2.143,4.152,3,3,0.633,0.633,1.748,1,55,85,7,3,5,5,6,5,6,4,8,8,5,3,3,4,5,3,3,8,3,5,3,3,1,2,,,,1,0,,,,,3,,,,,maschio,23,6,,carta,,,,sasso,carta,,,,carta,,,,forbice,forbice,,,,,sasso,,carta,,sasso,,,,,forbice
2021-04-15 10:58:14,2021-04-15 11:04:59,0,82.57.10.116,100,405,1,2021-04-15 11:04:59,R_3MMXXlqefLwPiBo,,,,,45.5558929443359,12.2429046630859,anonymous,EN,fica0801,1,9.269,9.269,9.929,1,2,2.451,2.451,3.367,1,2,2.388,2.388,3.358,1,1,1.884,1.884,2.848,1,1,4.347,4.347,5.236,1,3,0.94,0.94,1.872,1,3,0.453,0.453,1.754,1,1,0.766,3.422,4.042,2,2,1.609,1.609,2.653,1,1,0.707,0.707,1.576,1,10,80,5,5,3,5,6,6,5,5,4,8,7,6,2,5,5,6,3,8,2,2,2,1,1,0,,,,,,,2,,2,,,,,4,maschio,22,49,carta,,,,,forbice,,,carta,,sasso,,,sasso,sasso,,,forbice,,,forbice,,sasso,,,carta,,,forbice,
2021-04-15 10:57:34,2021-04-15 11:05:29,0,213.203.169.102,100,474,1,2021-04-15 11:05:29,R_1LdII91AingqQT7,,,,,45.5381927490234,9.92129516601563,anonymous,EN,alro1911,3,32.692,34.401,35.526,2,1,4.404,4.404,5.636,1,2,0.541,0.541,1.763,1,3,0.913,1.857,2.324,2,1,0.892,0.892,1.79,1,2,0.87,0.87,1.697,1,3,0.632,0.632,1.345,1,1,0.719,0.719,1.872,1,2,0.597,0.597,1.319,1,3,0.597,0.597,1.997,1,30,93,3,3,3,5,5,3,4,6,8,2,4,2,8,2,4,5,8,2,4,2,4,2,3,8,1,0,,,6,,,,8,8,,,,,maschio,22,10,,sasso,,,carta,,,,forbice,carta,,,,sasso,sasso,carta,,,,,carta,,carta,,,carta,,,,carta
2021-04-15 10:57:37,2021-04-15 11:05:35,0,87.2.186.72,100,478,1,2021-04-15 11:05:36,R_10ZNiruLiumDgS3,,,,,45.4129943847656,11.8805999755859,anonymous,EN,frci0311,3,2.509,2.509,5.389,1,1,0.704,0.704,2.707,1,3,0.557,1.206,2.1,2,3,3.106,3.106,4.273,1,2,0.666,0.666,1.841,1,1,0.816,0.816,2.02,1,2,1.117,1.117,2.122,1,1,1.556,1.556,2.59,1,3,0.64,0.64,1.477,1,2,0.599,0.599,1.513,1,49,100,3,3,4,2,1,3,5,3,2,2,3,1,2,1,5,3,3,1,3,2,4,2,1,1,,,,,,,,2,,,,,,,Maschio,21,26,,forbice,,,carta,,sasso,,,sasso,,,,,forbice,,sasso,,forbice,,,,carta,,,,sasso,carta,,
2021-04-15 10:57:57,2021-04-15 11:05:47,0,176.206.83.132,100,470,1,2021-04-15 11:05:48,R_25QGlTznh4RqdWX,,,,,45.4096069335938,11.8946990966797,anonymous,EN,mipi0520,2,3.126,3.126,4.274,1,1,0.669,0.669,1.898,1,2,0.679,0.679,1.636,1,2,1.376,1.376,2.135,1,2,0.787,0.787,1.662,1,1,1.16,1.16,2.548,1,3,0.694,0.694,1.332,1,3,0.508,1.136,1.65,2,2,0.864,0.864,1.898,1,1,0.676,0.676,1.565,1,100,0,1,1,1,1,1,1,5,5,6,8,4,2,3,8,5,5,5,8,4,2,3,3,5,9,1,2,1,3,4,1,1,6,2,6,4,1,1,3,M,21,86,,,carta,,sasso,,,,sasso,,,sasso,,,carta,,forbice,,,,forbice,,,carta,,forbice,,,forbice,
2021-04-15 10:57:34,2021-04-15 11:05:51,0,82.54.186.195,100,497,1,2021-04-15 11:05:51,R_21bqqDnDtXE8O8J,,,,,45.4096069335938,11.8946990966797,anonymous,EN,lapa1905,3,6.807,6.807,8.383,1,1,1.973,9.745,10.86,4,2,4.046,4.046,5.18,1,2,0.784,0.784,1.795,1,3,2.596,2.596,4.929,1,3,0.943,0.943,1.972,1,2,0.908,0.908,2.065,1,2,0.873,1.299,2.822,2,2,0.931,0.931,1.907,1,1,1.602,1.602,3.247,1,1,71,7,7,7,7,7,7,5,4,3,2,3,1,2,1,5,4,3,1,4,2,1,2,3,0,0,0,0,0,0,0,0,0,0,0,0,0,0,0,donna,21,21,,forbice,,,sasso,,,,sasso,,,forbice,forbice,,,,,sasso,carta,,,sasso,,,,sasso,,,sasso,
2021-04-15 10:57:42,2021-04-15 11:06:04,0,2.34.202.86,100,502,1,2021-04-15 11:06:04,R_QcUWvulHDSxBAD7,,,,,45.5807952880859,12.3748931884766,anonymous,EN,leod0511,3,4.909,4.909,6.07,1,3,1.244,1.244,1.901,1,1,1.064,1.064,2.342,1,2,0.77,0.77,1.59,1,3,0.473,3.524,4.205,3,1,0.523,0.523,1.365,1,3,1.387,2.296,3.031,2,2,0.399,0.399,1.36,1,1,0.688,0.688,1.549,1,2,0.665,2.031,2.66,3,20,50,3,2,2,2,2,2,4,4,4,2,3,3,4,1,5,2,4,2,2,2,1,1,1,0,,,,,1,1,0,,1,1,,,,1,Maschio,21,58,,sasso,,sasso,,,,carta,,,,carta,forbice,,,,sasso,,,,forbice,sasso,,,forbice,,,carta,,
2021-04-15 10:58:10,2021-04-15 11:06:04,0,93.65.95.71,100,474,1,2021-04-15 11:06:05,R_3CDG7hSO5oiZDl9,,,,,45.5431060791016,11.54150390625,anonymous,EN,luca3103,2,3.746,5.574,7.197,2,1,0.73,0.73,2.688,1,2,0.714,0.714,2.061,1,2,1.357,1.357,2.72,1,1,2.402,2.402,3.953,1,2,0.7,1.962,2.66,2,1,0.61,4.47,5.357,4,3,0.891,0.891,2.413,1,2,0.767,2.194,2.928,2,1,0.702,0.702,3.101,1,82,,1,1,1,1,1,1,5,3,8,3,3,3,8,3,5,4,3,3,3,2,2,2,2,1,2,1,,1,,1,2,2,3,1,2,1,,,M,22,40,,,sasso,,carta,,,,forbice,,,forbice,,forbice,sasso,carta,,,,carta,,,,forbice,,carta,,,forbice,
2021-04-15 10:58:09,2021-04-15 11:06:21,0,37.159.39.118,100,491,1,2021-04-15 11:06:22,R_3fVmVdoAfDsiX1T,,,,,41.1307067871094,14.7781982421875,anonymous,EN,elpo2609,2,2.973,2.973,4.113,1,1,8.982,8.982,9.882,1,3,1.699,2.475,2.991,2,1,0.772,0.772,1.557,1,2,1.467,1.467,2.204,1,2,0.603,0.603,1.745,1,3,3.32,3.32,4.2,1,1,0.936,0.936,2.267,1,1,1.949,1.949,2.834,1,3,1.831,1.831,2.56,1,0,70,5,6,7,3,3,4,2,3,8,1,4,3,2,8,5,4,8,1,2,1,3,2,3,6,,,,,,,,3,3,,,,,,donna,22,46,,,carta,,carta,,forbice,,,,carta,,,,carta,carta,,,,,sasso,,carta,,carta,,,,,forbice
2021-04-15 10:58:06,2021-04-15 11:06:22,0,151.55.168.181,100,495,1,2021-04-15 11:06:22,R_2cpVuIFL2CohxfD,,,,,45.4924011230469,12.1549987792969,anonymous,EN,mach1806,1,2.533,2.533,4.524,1,2,2.786,2.786,4.53,1,3,3.541,3.541,5.037,1,2,2.716,2.716,3.861,1,1,1.264,1.264,3.079,1,3,4.87,4.87,6.442,1,1,1.209,3.284,6.305,2,3,1.652,1.652,2.781,1,2,7.269,7.269,8.439,1,1,2.776,2.776,4.696,1,0,100,1,1,1,1,1,1,3,4,8,2,2,3,3,8,4,6,3,8,3,2,3,3,2,5,2,1,1,2,2,2,1,0,2,5,1,2,2,6,femmina,22,32,carta,,,,,forbice,carta,,,,,forbice,,sasso,sasso,,,forbice,,carta,,,,forbice,,sasso,,,carta,
2021-04-15 10:57:39,2021-04-15 11:06:24,0,93.35.187.34,100,525,1,2021-04-15 11:06:25,R_33vzd2mz9sbWOIv,,,,,45.4096069335938,11.8946990966797,anonymous,EN,sapa1003,2,2.933,10.247,10.944,2,1,1.123,1.123,1.751,1,3,0.643,0.643,1.311,1,1,0.929,0.929,1.52,1,3,0.746,0.746,1.387,1,1,0.821,0.821,1.379,1,1,0.568,0.568,1.097,1,2,0.617,0.617,1.101,1,3,13.044,13.044,13.679,1,3,6.76,6.76,7.274,1,19,20,5,3,4,4,4,4,6,6,3,8,4,4,8,2,7,6,2,2,2,1,1,1,1,0,0,,0,0,0,0,0,1,1,0,0,,0,2,Femmina,22,23,,,forbice,,sasso,,forbice,,,,sasso,,carta,,,,forbice,,,forbice,,sasso,,,,,forbice,,,forbice
2021-04-15 10:57:38,2021-04-15 11:06:27,0,95.252.50.2,100,528,1,2021-04-15 11:06:27,R_29uC66Lxh67YiRh,,,,,45.4129943847656,11.8805999755859,anonymous,EN,enpa2304,1,1.269,1.269,2.08,1,3,5.658,5.658,6.303,1,2,0.679,0.679,1.319,1,3,0.761,1.324,2.196,2,1,0.751,0.751,1.356,1,2,1.621,1.621,2.29,1,3,1.022,1.022,1.751,1,1,1.095,1.095,1.672,1,2,11.74,11.74,12.537,1,1,8.74,8.74,9.474,1,1,100,5,1,1,1,1,1,7,3,1,2,5,2,1,2,6,3,1,2,2,1,2,1,2,2,8,1,3,2,,8,1,,10,8,8,,6,6,maschio,22,25,sasso,,,sasso,,,,,forbice,carta,,,,carta,sasso,forbice,,,,,carta,,sasso,,,forbice,,,carta,
2021-04-15 10:57:39,2021-04-15 11:06:32,0,82.49.155.247,100,533,1,2021-04-15 11:06:32,R_1DHxT6w8wKEYvFa,,,,,45.4129943847656,11.8805999755859,anonymous,EN,enco1307,2,1.287,3.231,4.242,2,3,0.336,0.336,1.066,1,1,0.196,0.196,1.116,1,1,0.136,2.906,4.366,3,2,0.283,0.283,1.344,1,1,0.287,7.03,8.646,19,2,0.327,2.686,3.235,3,1,0.296,1.631,2.112,3,2,0.221,4.226,5.068,2,3,5,5,6.094,1,100,71,7,3,2,6,6,5,3,2,1,5,3,3,8,3,4,3,1,4,3,2,4,2,4,0,0,0,0,1,0,0,0,0,1,1,0,0,1,2,Maschio,21,21,,,forbice,forbice,,,,sasso,,,carta,,,,carta,,forbice,,carta,,,,carta,,,carta,,,,carta
2021-04-15 10:58:15,2021-04-15 11:06:39,0,146.241.152.235,100,503,1,2021-04-15 11:06:40,R_2upV3uhZrviz6YP,,,,,45.7509002685547,8.81570434570313,anonymous,EN,bemo2607,3,3.668,3.668,4.529,1,2,5.047,6.652,7.5,2,1,1.245,1.245,2.122,1,2,0.467,0.467,1.226,1,3,0.447,0.447,1.148,1,1,0.464,1.289,2.019,2,2,0.428,0.428,1.234,1,3,0.499,0.499,1.26,1,1,0.42,0.42,1.252,1,2,0.456,1.38,1.847,2,30,80,5,3,5,5,2,5,4,3,4,3,3,2,3,8,5,4,3,2,2,2,2,2,1,2,1,1,2,1,1,7,1,1,6,4,3,1,6,8,Maschio,21,64,,forbice,,,,carta,,forbice,,,,forbice,carta,,,,carta,,carta,,,,,sasso,forbice,,,carta,,
2021-04-15 10:58:52,2021-04-15 11:06:47,0,79.20.61.165,100,475,1,2021-04-15 11:06:47,R_2Bb6V9fKFUnhgzf,,,,,45.5437927246094,12.1636047363281,anonymous,EN,mave1603,2,1.127,2.143,2.861,2,3,4.283,4.283,5.062,1,2,3.328,3.328,4.071,1,1,0.781,0.781,1.582,1,2,5.102,5.102,5.899,1,3,7.784,7.784,8.939,1,2,2.967,4.349,5.382,2,2,3.122,3.122,4.085,1,1,1.833,1.833,3.267,1,3,5.312,5.312,6.298,1,4,100,1,2,2,2,2,2,3,5,4,1,6,3,2,5,6,5,4,2,3,1,3,2,1,1,1,0,1,2,0,0,0,0,0,2,0,0,9,8,Maschio,22,47,,,sasso,forbice,,,,,sasso,,sasso,,,,forbice,,,sasso,sasso,,,forbice,,,carta,,,,,sasso
2021-04-15 10:57:35,2021-04-15 11:06:50,0,79.9.26.254,100,554,1,2021-04-15 11:06:50,R_OiG4w1SbSkb5917,,,,,45.4246978759766,12.0821990966797,anonymous,EN,sado1208,2,3.453,3.453,5.014,1,3,3.26,3.26,4.415,1,3,0.883,0.883,1.904,1,3,0.803,0.803,1.692,1,2,1.644,1.644,2.861,1,1,0.644,0.644,1.572,1,1,0.64,0.64,1.519,1,2,1.026,1.026,1.98,1,2,0.856,0.856,1.994,1,2,0.872,0.872,1.795,1,30,40,6,4,5,5,6,5,4,3,8,4,3,4,8,4,4,3,8,3,3,2,3,3,3,4,1,1,1,1,2,1,1,2,0,3,1,0,2,2,Maschio,25,0,,,forbice,forbice,,,sasso,,,carta,,,,,forbice,,forbice,,,sasso,,forbice,,,,forbice,,sasso,,
2021-04-15 10:57:40,2021-04-15 11:06:50,0,95.232.242.37,100,550,1,2021-04-15 11:06:50,R_3MlLvI2Le8ZWFh6,,,,,45.5558929443359,12.2429046630859,anonymous,EN,lumo0805,1,5.63,5.63,13.911,1,3,3.872,3.872,5.297,1,2,1.682,1.682,2.928,1,2,4.865,4.865,5.79,1,1,1.047,1.047,2.194,1,3,1.311,1.311,2.449,1,1,3.743,3.743,4.8,1,2,1.271,1.271,2.272,1,1,1.171,1.171,2.325,1,2,1.39,1.39,2.522,1,50,80,4,4,4,4,4,4,4,4,2,8,3,4,8,8,4,4,8,8,2,2,2,1,1,1,0,0,0,0,0,0,1,0,1,0,0,1,0,2,maschile,22,61,sasso,,,carta,,,,,sasso,,,carta,,carta,sasso,,,forbice,,sasso,,sasso,,,forbice,,,sasso,,
2021-04-15 10:57:36,2021-04-15 11:06:50,0,2.34.176.217,100,554,1,2021-04-15 11:06:51,R_3kMRvH4EOJ2vgO9,,,,,45.4096069335938,11.8946990966797,anonymous,EN,anfe0603,2,4.642,112.478,113.598,2,3,1.222,1.222,2.264,1,2,0.979,0.979,2.613,1,2,1.735,1.735,3.04,1,2,2.503,2.503,3.436,1,1,1.195,1.195,2.575,1,3,1.146,1.146,2.146,1,2,0.68,0.68,1.457,1,3,0.549,0.549,1.774,1,3,0.624,0.624,1.595,1,22,83,3,3,3,1,2,6,5,5,3,3,3,2,3,2,4,4,3,8,2,2,2,3,3,1,,3,,,,1,3,0,5,2,,1,2,3,uomo,24,48,,,sasso,forbice,,,,,sasso,,,carta,,,carta,,sasso,,,,sasso,carta,,,,,sasso,,,forbice
2021-04-15 10:57:42,2021-04-15 11:07:00,0,79.54.242.213,100,558,1,2021-04-15 11:07:01,R_eCMIcKgvtsurYC5,,,,,45.4096069335938,11.8946990966797,anonymous,EN,elpa1608,2,1.624,1.624,3.036,1,2,3.177,3.177,4.289,1,2,3.035,3.035,4.219,1,2,1.472,1.472,2.56,1,2,3.199,3.199,4.504,1,2,1,2.002,3.075,2,2,0.99,0.99,1.949,1,2,1.261,1.261,2.349,1,2,1.329,1.329,2.492,1,2,0.914,0.914,1.957,1,54,81,5,3,5,3,5,4,6,3,2,4,4,2,3,3,6,3,8,8,2,2,2,2,1,1,2,1,5,1,1,1,3,2,2,2,2,2,2,3,femmina,21,26,,,forbice,,,sasso,,,forbice,,,sasso,,,forbice,forbice,,,forbice,,,forbice,,,,forbice,,carta,,
2021-04-15 10:57:40,2021-04-15 11:07:02,0,5.90.37.179,100,561,1,2021-04-15 11:07:02,R_30e3KjWiVWX7kUJ,,,,,45.5050048828125,9.21989440917969,anonymous,EN,famo1802,1,1.802,3.642,5.734,3,1,0.501,0.501,1.566,1,1,0.401,0.401,1.222,1,1,0.201,0.201,0.973,1,1,0.294,0.294,0.872,1,1,0.301,0.301,1.188,1,1,0.301,0.301,1.196,1,1,0.301,0.301,1.068,1,1,0.301,0.301,1.001,1,1,0.4,0.4,1.291,1,100,,1,1,1,1,1,1,2,1,1,4,2,1,1,3,2,1,1,5,3,3,4,4,4,,,,,,,,,,,,,,,10,M,22,30,forbice,,,,forbice,,,carta,,,forbice,,,sasso,sasso,,sasso,,,carta,,,sasso,,sasso,,,,forbice,
2021-04-15 10:57:42,2021-04-15 11:07:21,0,93.35.186.79,100,579,1,2021-04-15 11:07:22,R_plB9L9npopom9JT,,,,,45.4096069335938,11.8946990966797,anonymous,EN,tomlot5,1,1.842,1.842,3.298,1,2,3.127,3.127,4.755,1,1,1.128,1.128,2.29,1,3,2.098,2.098,2.944,1,1,1.785,1.785,7.92,1,1,6.704,6.887,8.382,2,3,1.734,1.734,2.728,1,1,2.15,2.15,3.327,1,3,0.99,0.99,2.018,1,1,0.86,0.86,1.963,1,30,40,6,3,5,5,4,5,5,4,8,3,4,3,3,3,5,4,8,3,3,1,2,2,1,,,,,,,,,,,,,,,,maschio,21,27,sasso,,,,,carta,,sasso,,carta,,,,sasso,sasso,,sasso,,,,carta,,sasso,,,,Q209,,carta,
2021-04-15 10:57:41,2021-04-15 11:07:30,0,5.170.212.123,100,588,1,2021-04-15 11:07:30,R_ZvLF7OQYTEOIxih,,,,,45.4096069335938,11.8946990966797,anonymous,EN,MAMO2905,3,12.856,14.797,16.314,2,2,1.246,2.847,3.784,2,3,1.43,1.43,2.716,1,2,1.292,1.292,2.494,1,2,0.708,0.708,1.87,1,1,0.826,0.826,2.059,1,2,1.809,1.809,2.981,1,3,0.801,0.801,2.138,1,1,0.866,0.866,2.182,1,2,0.754,0.754,2.015,1,20,0,1,1,1,1,1,1,5,3,3,3,4,3,3,8,6,4,8,3,2,2,2,3,2,,,,,,,1,,,1,2,1,,,2,M,21,47,,carta,,,,forbice,sasso,,,,,carta,,,forbice,,sasso,,sasso,,,,,forbice,forbice,,,sasso,,
2021-04-15 10:57:51,2021-04-15 11:07:49,0,194.4.40.51,100,597,1,2021-04-15 11:07:49,R_3mf1IkYuP1tetd4,,,,,45.1132049560547,11.7984924316406,anonymous,EN,ENRO2708,2,8.11,8.11,10.907,1,1,9.481,9.481,11.261,1,3,4.775,4.775,6.197,1,3,9.219,9.219,10.489,1,1,4.963,5.707,5.993,2,2,4.483,8.186,8.699,3,1,3.797,3.797,4.81,1,1,4.553,4.553,5.408,1,3,2.429,2.429,3.827,1,2,0.81,2.018,2.775,3,40,40,3,2,6,2,3,1,3,4,2,8,4,2,8,8,5,4,8,3,2,2,2,2,4,2,1,2,1,3,0,0,1,4,2,1,0,1,0,2,Uomo,21,26,,,sasso,,forbice,,sasso,,,forbice,,,,forbice,sasso,sasso,,,,sasso,,,carta,,,,sasso,carta,,
2021-04-15 10:57:36,2021-04-15 11:07:49,0,151.95.15.102,100,613,1,2021-04-15 11:07:50,R_3KUFJPmSj8ifuhJ,,,,,45.4924011230469,12.1549987792969,anonymous,EN,mamo0911,2,12.024,12.024,13.587,1,2,0.559,0.559,1.529,1,2,0.475,1.254,1.605,2,2,0.431,0.431,1.277,1,2,0.497,0.497,1.259,1,2,0.632,0.632,1.332,1,2,0.945,0.945,1.697,1,2,0.384,0.384,1.059,1,2,0.474,0.474,1.246,1,2,0.485,0.485,1.151,1,0,0,1,1,1,1,1,1,6,1,6,1,3,4,8,5,2,3,6,1,2,1,1,1,4,5,0,0,0,0,0,0,0,0,3,0,0,0,0,0,maschio,21,50,,,carta,,,sasso,,,forbice,,,forbice,,,carta,carta,,,carta,,,sasso,,,,sasso,,forbice,,
2021-04-15 10:57:40,2021-04-15 11:07:55,0,151.46.26.49,100,614,1,2021-04-15 11:07:55,R_1OpBrVFE2q8Ey89,,,,,45.5050048828125,9.21989440917969,anonymous,EN,sica1802,1,3.213,3.213,4.439,1,2,0.762,0.762,1.701,1,3,0.8,0.8,1.917,1,1,1.443,1.443,2.648,1,2,0.871,0.871,2.182,1,3,1.045,1.045,1.971,1,1,0.869,0.869,1.979,1,2,0.636,0.636,1.625,1,3,0.732,0.732,1.747,1,1,2.532,2.532,3.585,1,45,10,1,1,1,1,1,1,3,3,8,2,1,1,8,1,4,3,8,3,4,3,3,2,1,6,,,,,,,,2,4,,,,4,5,FEMMINA,23,29,sasso,,,,,sasso,forbice,,,,forbice,,,,forbice,,,forbice,,forbice,,carta,,,,,Q209,,sasso,
2021-04-15 10:58:37,2021-04-15 11:08:08,0,87.9.181.32,100,571,1,2021-04-15 11:08:09,R_1ISKLKiW6ZomzsL,,,,,45.4096069335938,11.8946990966797,anonymous,EN,mane1204,3,8.054,8.054,9.698,1,3,2.158,2.158,3.344,1,1,1.074,1.074,2.294,1,2,1.954,3.879,5.472,3,2,0.906,0.906,2.142,1,2,0.986,0.986,2.191,1,1,1.033,1.033,2.309,1,3,2.073,2.073,3.373,1,1,1.804,1.804,3.336,1,2,1.068,1.068,2.343,1,70,70,1,1,1,1,1,1,3,4,4,3,2,2,8,3,4,4,4,8,3,1,2,1,1,,,,3,,,,,,,3,,,1,3,maschio,22,77,,sasso,,carta,,,,forbice,,,,carta,,,carta,forbice,,,,sasso,,,,sasso,sasso,,,forbice,,
2021-04-15 10:58:15,2021-04-15 11:08:09,0,87.2.165.71,100,593,1,2021-04-15 11:08:10,R_WrreWup5F2TxKfL,,,,,45.4311981201172,12.3381958007813,anonymous,EN,etpo0302,1,3.722,3.722,4.883,1,3,1.872,1.872,3.064,1,3,2.799,2.799,3.751,1,2,14.313,14.313,15.24,1,1,1.368,1.368,2.294,1,2,1.209,1.209,2.024,1,3,0.866,1.689,2.042,2,1,0.793,0.793,1.704,1,2,1.303,2.127,2.423,2,3,0.855,0.855,1.551,1,70,30,5,3,5,3,3,2,5,3,5,2,3,2,3,8,4,4,4,2,2,1,2,2,2,1,1,0,2,0,0,1,0,1,2,2,1,0,1,2,Maschio,22,67,forbice,,,sasso,,,carta,,,,,forbice,,carta,sasso,sasso,,,,,sasso,,sasso,,,sasso,,,,carta
2021-04-15 10:57:49,2021-04-15 11:08:09,0,80.117.217.27,100,620,1,2021-04-15 11:08:10,R_22tu6mI2EXpkm94,,,,,45.4096069335938,11.8946990966797,anonymous,EN,covi0406,2,2.435,2.435,4.286,1,1,1.222,1.222,2.294,1,2,1.138,1.138,2.296,1,2,1.618,1.618,2.717,1,2,2.633,2.633,4.333,1,2,1.127,1.127,2.068,1,1,1.099,1.099,2.276,1,3,1.869,1.869,3.028,1,3,2.521,2.521,3.437,1,2,1.441,2.387,4.293,2,41,20,1,1,1,1,1,1,4,3,8,8,3,3,8,8,4,3,8,2,2,2,2,1,1,3,0,0,0,1,0,0,0,0,0,1,0,0,2,2,Maschio,21,35,,,forbice,,carta,,,,forbice,,,forbice,,,carta,forbice,,,,carta,,,,forbice,,,Q209,sasso,,
2021-04-15 10:57:36,2021-04-15 11:08:10,0,80.117.68.58,100,634,1,2021-04-15 11:08:10,R_yUsqjRN091TkRQl,,,,,45.4427947998047,11.9275054931641,anonymous,EN,fiab2310,1,32.349,32.349,33.343,1,3,3.55,3.55,4.101,1,3,3.59,3.59,4.79,1,2,3.346,3.346,4.753,1,1,4.571,4.571,5.941,1,3,8.125,8.125,8.761,1,3,2.739,2.739,3.312,1,2,0.676,1.406,1.784,2,3,4.251,4.251,7.073,1,2,3.221,3.221,4.203,1,100,20,3,1,4,3,1,3,6,4,5,2,6,3,8,8,7,3,5,1,2,3,1,1,1,0,,,,,,,,,1,,,,,,maschile,21,7,forbice,,,carta,,,carta,,,,,carta,,sasso,sasso,,,sasso,,,sasso,carta,,,,,sasso,forbice,,
2021-04-15 10:59:22,2021-04-15 11:08:22,0,146.241.152.235,100,539,1,2021-04-15 11:08:22,R_tWIkBem4GasLNWp,,,,,45.7509002685547,8.81570434570313,anonymous,EN,aumo0401,1,4.374,4.374,5.794,1,2,4.223,4.223,5.402,1,2,2.134,2.134,3.171,1,1,1.997,1.997,3.096,1,2,1.217,4.183,5.218,2,3,0.719,0.719,1.624,1,3,3.359,3.359,4.411,1,2,0.971,0.971,2.021,1,2,1.398,1.398,2.387,1,1,1.135,1.135,2.475,1,23,53,5,5,6,4,3,5,6,4,3,8,5,3,8,3,7,5,3,8,2,2,2,2,2,3,2,,,1,1,1,,1,1,2,2,,2,4,Femmina,22,19,sasso,,,,,carta,,,forbice,,forbice,,,,forbice,,,forbice,,,sasso,carta,,,,carta,,,forbice,
2021-04-15 10:57:39,2021-04-15 11:08:31,0,82.60.121.170,100,652,1,2021-04-15 11:08:32,R_1LY800ZWalbftdK,,,,,45.6356048583984,11.5513000488281,anonymous,EN,niga2006,1,15.092,15.092,16.424,1,1,4.826,4.826,5.601,1,3,1.25,1.25,2.125,1,1,2.083,2.083,2.918,1,2,0.928,0.928,1.918,1,1,1.653,2.909,3.9,2,3,0.58,0.58,1.301,1,3,0.821,1.705,2.433,2,2,0.771,0.771,1.585,1,2,1.986,1.986,3.292,1,72,16,2,2,2,2,2,2,3,3,3,2,3,3,3,2,4,4,8,2,2,3,1,2,2,1,0,,,,,,,8,7,3,9,1,10,6,Uomo,21,73,sasso,,,,carta,,forbice,,,,sasso,,,,forbice,,carta,,,,forbice,,,sasso,,carta,,forbice,,
2021-04-15 10:59:57,2021-04-15 11:08:42,0,79.50.2.220,100,525,1,2021-04-15 11:08:42,R_23UbjZ3d00bxUU6,,,,,45.6999053955078,12.231201171875,anonymous,EN,thmi2208,1,6.725,6.725,7.699,1,3,2.532,2.532,3.373,1,2,1.406,2.137,2.432,2,3,0.703,0.703,1.424,1,1,0.48,0.48,1.235,1,2,0.44,1.287,2.007,2,1,0.848,0.848,1.52,1,3,1.067,1.067,2.031,1,1,0.511,0.511,1.345,1,1,0.717,0.717,1.497,1,60,30,1,1,1,1,1,1,6,5,8,1,5,4,2,3,7,6,8,1,3,2,3,1,2,1,1,,,0,,,,,3,1,,,,2,maschio,21,32,forbice,,,carta,,,,,sasso,carta,,,,forbice,sasso,carta,,,,forbice,,,,carta,forbice,,,,forbice,
2021-04-15 10:57:38,2021-04-15 11:09:01,0,151.51.49.150,100,683,1,2021-04-15 11:09:02,R_33s9VeJ2YTnZ2s5,,,,,45.4129943847656,11.8805999755859,anonymous,EN,ispa1203,3,4.015,4.015,4.943,1,2,10.073,10.073,14.715,1,3,0.854,1.636,2.162,2,1,4.734,4.734,5.318,1,2,2.038,2.038,3.654,1,3,1.54,1.54,2.199,1,1,2.846,2.846,3.425,1,3,4.875,5.394,6.059,2,1,2.508,2.508,3.08,1,2,6.068,6.702,7.24,2,70,80,1,1,1,1,1,1,3,4,2,2,3,3,2,8,5,4,3,2,4,2,2,2,5,2,6,0,5,5,5,5,,8,8,6,3,,4,8,Femmina,22,46,,forbice,,,,carta,forbice,,,,sasso,,,,forbice,,,sasso,,sasso,,,,forbice,carta,,,sasso,,
2021-04-15 10:57:40,2021-04-15 11:09:05,0,87.26.144.248,100,685,1,2021-04-15 11:09:06,R_2UguHBTfkwqvEId,,,,,45.6148986816406,12.3766937255859,anonymous,EN,matv1002,1,4.904,4.904,6.132,1,2,0.5,0.5,1.792,1,3,0.667,0.667,1.598,1,2,2.606,2.606,3.548,1,3,0.958,0.958,1.881,1,1,0.647,0.647,1.612,1,1,1.185,1.185,2.217,1,3,0.707,1.236,2.089,2,2,0.457,0.457,1.264,1,2,0.595,0.595,1.447,1,50,100,1,1,1,1,1,1,3,1,4,1,4,1,8,1,5,3,8,8,2,2,3,2,2,10,2,,,,,1,2,2,1,8,2,,,0,maschio,22,59,sasso,,,,,forbice,sasso,,,,,sasso,carta,,,,carta,,,forbice,,,,sasso,,sasso,,forbice,,
2021-04-15 10:58:22,2021-04-15 11:09:10,0,93.36.97.239,100,647,1,2021-04-15 11:09:10,R_3g1mqCFNTJTh7wW,,,,,45.5050048828125,9.21989440917969,anonymous,EN,allo2607,3,8.819,8.819,11.322,1,3,3.968,3.968,5.242,1,3,0.944,0.944,2.008,1,1,2.487,2.487,3.637,1,1,0.969,0.969,3.835,1,1,1.9,1.9,3.027,1,1,0.826,0.826,4.85,1,2,1.182,1.182,2.21,1,2,0.943,0.943,4.276,1,2,1.588,1.588,3.294,1,39,60,5,3,4,5,5,4,3,3,3,4,5,4,4,8,5,4,4,2,3,2,3,2,2,2,1,2,3,2,1,1,2,2,6,3,1,2,2,5,maschio,21,25,,forbice,,forbice,,,carta,,,,carta,,,forbice,sasso,,carta,,,forbice,,sasso,,,,forbice,,sasso,,
2021-04-15 10:57:56,2021-04-15 11:09:38,0,79.36.70.119,100,701,1,2021-04-15 11:09:38,R_3KTRE3R3YoqerDN,,,,,45.4129943847656,11.8805999755859,anonymous,EN,adpo2709,1,2.225,2.225,3.503,1,1,2.233,5.279,6.593,2,1,3.872,3.872,4.906,1,3,3.913,3.913,5.187,1,2,1.278,1.278,2.443,1,3,2.237,2.237,3.886,1,1,3.405,3.405,4.56,1,2,0.901,2.033,2.931,2,1,2.13,2.13,3.341,1,2,4.358,4.358,5.322,1,24,81,7,7,6,6,6,6,4,1,8,4,4,3,3,2,4,1,4,8,4,3,4,4,1,0,,,,,,,,,,,4,,6,7,Uomo,22,0,forbice,,,,sasso,,,forbice,,forbice,,,,,forbice,,,forbice,,carta,,forbice,,,sasso,,,forbice,,
2021-04-15 10:57:37,2021-04-15 11:10:15,0,5.102.2.128,100,757,1,2021-04-15 11:10:15,R_Og3EQ1k2AfXmlNv,,,,,45.5650939941406,9.96820068359375,anonymous,EN,elno1412,1,4.039,4.039,6.186,1,2,1.112,1.112,2.452,1,3,1.479,1.479,2.819,1,1,1.149,1.149,2.631,1,2,1.601,1.601,3.453,1,3,1.353,1.353,3.084,1,1,1.546,1.546,2.886,1,1,2.062,2.062,3.587,1,2,2.095,2.095,3.715,1,3,2.537,2.537,4.079,1,10,0,5,5,5,3,2,2,5,4,1,2,4,3,1,8,5,3,1,2,2,1,2,2,1,0,0,0,2,2,0,0,0,0,0,2,0,0,3,3,F,21,71,forbice,,,,,forbice,carta,,,,carta,,,,forbice,,,carta,,forbice,,,sasso,,,sasso,,,,sasso
2021-04-15 10:57:34,2021-04-15 11:10:28,0,185.178.95.251,100,774,1,2021-04-15 11:10:29,R_3EWN2nbOA4jkebw,,,,,45.5050048828125,9.21989440917969,anonymous,EN,vipa2410,1,3.11,3.11,4.253,1,1,2.325,4.428,4.721,2,2,0.502,0.502,2.605,1,2,3.133,3.133,4.535,1,2,0.989,0.989,1.633,1,3,0.753,2.871,3.874,3,1,0.806,1.477,2.282,2,3,0.689,0.689,1.847,1,1,1.029,1.029,1.844,1,2,1.626,2.747,3.816,2,9,40,5,5,5,5,5,5,5,4,2,3,3,4,8,2,6,4,8,3,2,1,2,1,1,0,0,0,0,0,,0,0,0,0,1,0,0,0,0,Femmina,24,25,forbice,,,,forbice,,,,forbice,,,forbice,,,carta,,,forbice,,sasso,,,,sasso,carta,,,forbice,,
2021-04-15 10:57:38,2021-04-15 11:10:29,0,93.34.147.96,100,770,1,2021-04-15 11:10:29,R_wZBFu4Wu9OiddqV,,,,,45.4936981201172,12.2449951171875,anonymous,EN,lcpd0704,2,5.658,5.658,6.881,1,2,1.511,1.511,2.352,1,3,17.224,17.224,18.156,1,2,2.739,2.739,3.775,1,1,1.912,1.912,2.671,1,2,6.777,6.777,7.871,1,1,4.101,4.101,5.129,1,2,1.936,1.936,2.93,1,2,2.305,2.305,3.162,1,1,6.247,6.247,7.145,1,20,90,2,2,2,2,2,2,4,3,3,1,5,2,3,2,6,4,8,1,4,1,4,2,1,7,3,0,2,1,0,1,0,0,6,1,0,0,0,7,Maschio,22,23,,,forbice,,,sasso,sasso,,,,,forbice,,sasso,sasso,sasso,,,,carta,,carta,,,,sasso,,,carta,
2021-04-15 10:57:34,2021-04-15 11:10:57,0,93.32.66.135,100,802,1,2021-04-15 11:10:57,R_1hT577c4VEg3UBc,,,,,45.4096069335938,11.8946990966797,anonymous,EN,pipa1607,3,7.716,9.45,10.5,2,3,9.033,9.033,10.087,1,2,6.39,6.39,7.022,1,2,10.649,10.649,11.741,1,1,6.802,9.378,10.068,2,2,34.907,44.37,45.215,2,1,6.059,6.059,7.093,1,1,23.595,23.595,24.361,1,2,4.33,4.33,5.103,1,3,21.383,21.383,22.23,1,10,,1,1,1,1,1,1,6,4,8,2,3,1,8,3,7,4,3,2,2,1,1,1,2,1,,,,,1,,,,,,,,,3,Maschio,21,20,,carta,,carta,,,,,forbice,,,forbice,,carta,sasso,carta,,,,carta,,,carta,,,sasso,,,,forbice
2021-04-15 10:57:37,2021-04-15 11:11:00,0,93.66.253.210,100,802,1,2021-04-15 11:11:00,R_pa3lHaFsGa9n11n,,,,,45.4936981201172,12.2449951171875,anonymous,EN,seba2109,2,5.572,5.572,6.328,1,1,0.827,0.827,1.689,1,3,0.653,0.653,1.274,1,3,2.341,2.341,2.978,1,1,0.946,0.946,1.799,1,2,0.617,1.441,1.821,2,2,1.046,1.046,1.802,1,2,1.103,1.103,2.282,1,2,0.419,0.419,1.268,1,2,0.439,0.439,1.284,1,40,60,2,2,2,2,2,2,3,6,5,3,3,1,4,3,4,5,4,8,3,2,2,2,3,3,2,0,1,2,1,2,1,1,4,3,2,1,2,1,m,22,58,,,forbice,,carta,,carta,,,carta,,,,forbice,sasso,sasso,,,forbice,,,carta,,,,sasso,,carta,,
2021-04-15 10:58:02,2021-04-15 11:11:09,0,94.141.11.226,100,787,1,2021-04-15 11:11:09,R_3R1xqhN7jAMuCCz,,,,,45.6495971679688,11.7866973876953,anonymous,EN,FOPA1303,1,23.871,25.93,27.01,2,1,4.372,4.372,6.137,1,1,1.731,1.731,3.236,1,1,5.478,5.478,6.687,1,2,4.011,4.011,5.204,1,3,1.27,1.27,3.201,1,1,4.349,4.349,5.582,1,2,4.468,4.468,5.748,1,3,6.448,6.448,7.736,1,1,5.589,5.589,7.111,1,20,80,1,1,1,1,1,1,5,3,3,2,3,3,3,2,5,4,3,8,3,1,2,2,1,,1,,,,,2,,,2,,1,,,6,Maschio,29,64,carta,,,,carta,,,forbice,,,forbice,,,,carta,,,carta,,sasso,,forbice,,,,,Q209,,forbice,
2021-04-15 10:57:37,2021-04-15 11:11:09,0,151.51.97.61,100,811,1,2021-04-15 11:11:10,R_2sX81foyUpr4bvS,,,,,45.4096069335938,11.8946990966797,anonymous,EN,gipa1205,3,7.736,7.736,9.67,1,2,0.815,0.815,2.426,1,2,1.033,1.033,3.018,1,2,1.501,1.501,3.109,1,2,0.889,0.889,2.583,1,2,0.98,0.98,2.256,1,2,0.846,0.846,2.373,1,2,0.768,0.768,2.248,1,2,0.844,0.844,2.334,1,2,0.869,0.869,2.476,1,100,61,1,1,1,1,1,1,4,3,4,4,3,2,5,2,4,3,3,3,3,2,2,2,2,2,1,,2,3,,,1,,6,2,,1,3,6,M,23,48,,sasso,,,,sasso,,,carta,,,sasso,,,forbice,carta,,,sasso,,,forbice,,,,forbice,,forbice,,
2021-04-15 10:57:36,2021-04-15 11:11:15,0,95.236.188.46,100,819,1,2021-04-15 11:11:16,R_3KTvJovcA7oQOdI,,,,,45.4129943847656,11.8805999755859,anonymous,EN,dava3006,2,3.55,3.55,4.633,1,2,1.526,1.526,3.802,1,3,2.805,2.805,4.008,1,2,1.347,1.347,2.935,1,1,1.681,2.993,3.981,2,1,3.635,3.635,4.373,1,1,1.645,1.645,2.64,1,3,3.733,3.733,4.625,1,2,3.886,3.886,4.82,1,2,3.805,4.875,5.134,2,70,100,5,1,3,3,4,5,2,5,4,3,1,1,8,3,5,6,1,5,3,2,2,2,2,0,3,0,3,2,0,0,0,4,5,0,2,0,0,1,Maschio,22,66,,,forbice,,,carta,carta,,,,,carta,,forbice,sasso,,forbice,,,sasso,,,,forbice,,sasso,,forbice,,
2021-04-15 10:57:37,2021-04-15 11:11:19,0,2.37.179.32,100,821,1,2021-04-15 11:11:19,R_xxAdiCkYEUQXE1H,,,,,45.4096069335938,11.8946990966797,anonymous,EN,gici0112,2,2.162,2.162,5.168,1,3,3.193,3.193,4.72,1,1,2.485,2.485,3.763,1,1,3.529,6.019,7.293,2,3,2.121,2.121,3.483,1,2,2.133,2.133,4.258,1,3,1.324,1.324,2.864,1,3,1.415,1.415,2.595,1,3,1.006,1.006,2.255,1,3,0.859,0.859,1.936,1,90,70,5,5,5,5,5,5,5,4,2,2,3,3,8,8,5,4,3,8,2,2,2,2,2,6,7,0,5,2,2,4,,1,5,2,4,0,2,7,F,21,51,,,carta,carta,,,,sasso,,,carta,,carta,,,carta,,,,,carta,,,carta,,,Q209,,,carta
2021-04-15 10:57:41,2021-04-15 11:11:28,0,151.61.87.83,100,826,1,2021-04-15 11:11:28,R_2QrmK3O93G7OAKa,,,,,45.9544982910156,12.6578063964844,anonymous,EN,eltv2509,1,2.514,2.514,5.456,1,3,5.735,5.735,9.181,1,2,3.359,3.359,5.031,1,2,3.416,3.416,4.894,1,2,1.25,1.25,2.927,1,2,0.552,0.552,1.583,1,1,0.819,0.819,1.81,1,2,0.544,0.544,1.407,1,3,1.552,1.552,2.359,1,3,1.249,1.249,4.296,1,65,80,6,5,4,2,3,5,2,1,4,3,1,1,8,3,4,2,5,8,4,3,2,2,2,0,1,0,1,2,0,0,0,0,2,0,0,0,1,1,maschio,21,23,sasso,,,sasso,,,,,forbice,,,forbice,,,forbice,carta,,,,sasso,,sasso,,,,,sasso,,,forbice
2021-04-15 10:57:52,2021-04-15 11:12:09,0,151.61.144.32,100,856,1,2021-04-15 11:12:09,R_WCFtVFcRhWndzGN,,,,,44.4214019775391,11.9109039306641,anonymous,EN,mapd0201,1,2.071,2.071,3.173,1,3,4.945,4.945,6.402,1,3,1.924,1.924,3.134,1,2,2.936,2.936,4.372,1,1,1.383,1.383,2.569,1,3,1.82,1.82,3.12,1,1,3.106,3.106,4.725,1,2,22.293,22.293,23.567,1,1,9.8,9.8,11.205,1,1,7.878,7.878,9.178,1,71,31,5,1,5,3,1,4,4,5,3,4,3,3,8,4,4,4,8,8,3,2,3,2,1,0,0,1,0,0,0,1,0,0,4,1,0,0,0,2,maschile,22,42,forbice,,,sasso,,,sasso,,,,,forbice,,sasso,sasso,,,forbice,,carta,,carta,,,carta,,,,sasso,
2021-04-15 10:58:09,2021-04-15 11:12:20,0,93.51.172.34,100,850,1,2021-04-15 11:12:20,R_cwG0LmRS0O36myt,,,,,45.4096069335938,11.8946990966797,anonymous,EN,padu0605,2,35.487,37.359,38.366,2,1,0.515,0.515,1.818,1,2,0.515,0.515,2.148,1,1,0.374,0.374,1.602,1,1,0.666,0.666,1.944,1,3,0.981,0.981,1.917,1,2,0.505,0.505,2.07,1,1,0.826,0.826,1.847,1,3,0.795,0.795,1.875,1,2,1.006,1.006,1.864,1,51,7,1,1,1,,5,5,7,3,4,5,5,2,2,3,5,2,3,3,2,2,3,3,2,2,4,1,7,7,,10,5,10,5,1,1,2,2,2,M,26,53,,,forbice,,forbice,,,,sasso,,forbice,,,forbice,sasso,,,sasso,carta,,,,sasso,,,,forbice,forbice,,
2021-04-15 10:58:40,2021-04-15 11:14:02,0,79.10.155.3,100,921,1,2021-04-15 11:14:03,R_pAdowHTU1HwaxTb,,,,,45.4096069335938,11.8946990966797,anonymous,EN,MaPr2805,2,3.813,3.813,4.822,1,3,3.021,3.021,3.961,1,3,3.547,4.38,5.096,2,2,3.616,4.174,5.378,2,1,2.417,2.417,3.308,1,2,3.187,3.187,4.096,1,3,1.125,1.125,2.006,1,2,1.36,1.36,2.22,1,1,1.387,3.109,4.033,2,1,1.072,1.072,2.352,1,25,10,5,3,5,3,2,2,5,2,8,3,4,2,2,4,5,2,8,4,3,2,2,2,2,8,1,1,6,6,7,1,2,1,2,4,1,1,2,8,Maschio,21,71,,,forbice,carta,,,forbice,,,,,forbice,,sasso,sasso,carta,,,,,sasso,forbice,,,carta,,,,forbice,
2021-04-15 10:58:28,2021-04-15 11:14:20,0,93.34.230.135,100,952,1,2021-04-15 11:14:21,R_1itAkD3wxMahbSM,,,,,45.4129943847656,11.8805999755859,anonymous,EN,maca0703,1,50.189,163.637,164.414,2,2,0.456,0.456,0.998,1,2,0.696,1.256,1.671,2,1,0.505,1.121,1.526,2,3,0.469,0.469,1.115,1,2,0.461,0.461,1.059,1,1,0.488,0.488,1.006,1,3,0.329,0.977,1.311,3,2,0.415,0.415,0.98,1,2,0.429,0.429,1.067,1,43,39,1,1,1,1,1,1,5,3,3,3,3,3,3,2,5,4,3,8,2,2,2,2,2,2,0,,,,,2,,,4,3,3,,1,8,maschio,22,68,sasso,,,,,sasso,,,carta,,carta,,forbice,,,carta,,,,sasso,,,,forbice,,carta,,carta,,
2021-04-15 10:57:58,2021-04-15 11:14:21,0,95.232.244.206,100,983,1,2021-04-15 11:14:21,R_1gG59cIezoaE3oL,,,,,45.6741943359375,12.1638946533203,anonymous,EN,daco1007,2,27.444,27.444,29.996,1,2,10.009,10.009,11.458,1,1,1.447,1.447,2.902,1,1,8.022,8.022,9.934,1,2,1.302,1.302,2.962,1,2,1.131,1.131,2.467,1,3,1.028,1.028,2.48,1,3,0.953,0.953,2.367,1,3,1.649,1.649,2.848,1,1,8.187,8.187,9.427,1,85,80,1,1,1,1,1,1,7,3,4,2,6,4,4,3,7,3,5,2,2,1,2,3,2,1,1,0,1,1,2,0,1,0,7,5,0,0,1,5,Maschio,21,37,,,sasso,,,sasso,,forbice,,,sasso,,,,carta,carta,,,,,carta,,,forbice,,,sasso,,sasso,
2021-04-15 10:57:40,2021-04-15 11:14:48,0,194.4.43.243,100,1027,1,2021-04-15 11:14:48,R_cIaUQo1YtIk2PYJ,,,,,45.0276031494141,11.6414031982422,anonymous,EN,firo2307,1,14.555,15.898,16.812,3,2,20.624,20.624,21.672,1,3,15.236,15.236,16.056,1,2,12.44,12.44,13.792,1,3,0.978,0.978,1.95,1,1,8.458,8.458,9.396,1,2,1.061,1.061,1.95,1,3,0.802,0.802,1.656,1,1,0.614,0.614,1.528,1,1,13.575,14.359,14.799,2,0,100,5,1,1,1,1,1,2,3,8,8,5,1,8,8,4,4,8,8,3,1,3,2,4,3,1,,,,,,,2,3,3,2,,,8,Maschio,21,29,forbice,,,,,carta,carta,,,,,sasso,carta,,,,carta,,sasso,,,,,forbice,carta,,,,sasso,
2021-04-15 10:57:37,2021-04-15 11:15:23,0,93.34.231.199,100,1066,1,2021-04-15 11:15:24,R_3HCajwTDihWThqt,,,,,45.4096069335938,11.8946990966797,anonymous,EN,DIPA2005,2,1.167,1.167,2.645,1,3,1.038,1.038,1.87,1,3,0.71,0.71,1.497,1,3,0.603,0.603,1.375,1,1,1.461,1.461,2.746,1,2,0.962,0.962,1.957,1,1,0.782,3.959,5.047,2,2,1.072,2.482,3.758,2,2,0.693,0.693,2.351,1,2,0.609,3.085,3.981,3,80,10,2,1,3,1,1,1,7,6,2,5,5,3,2,5,6,6,3,4,2,1,4,2,4,4,6,1,1,1,2,4,1,0,1,6,5,1,1,9,Maschio,21,31,,,forbice,sasso,,,carta,,,sasso,,,,carta,sasso,carta,,,,sasso,,carta,,,,carta,,carta,,
2021-04-15 10:58:19,2021-04-15 11:15:57,0,82.60.122.228,100,1057,1,2021-04-15 11:15:57,R_1o2e2BaySrCbvUE,,,,,45.7666015625,11.7308959960938,anonymous,EN,niab2001,1,8.351,8.351,9.711,1,2,1.541,1.541,2.633,1,1,1.352,1.352,2.976,1,3,3.102,3.102,3.939,1,1,1.249,1.249,2.353,1,2,1.276,1.276,2.245,1,3,80.531,80.531,81.582,1,2,1.233,1.571,2.549,2,1,1.301,1.301,2.415,1,3,0.76,2.161,3.047,2,45,20,1,1,1,1,1,1,4,4,8,2,3,3,8,3,5,4,4,2,2,2,2,1,2,,,,,,,,,,8,,,,7,8,m,21,80,carta,,,,,sasso,,carta,,forbice,,,,carta,sasso,forbice,,,,,forbice,forbice,,,sasso,,,,,sasso
2021-04-15 10:57:50,2021-04-15 11:16:59,0,93.70.88.148,100,1149,1,2021-04-15 11:16:59,R_enBCDS2bO0SpJWp,,,,,45.4317016601563,10.9859008789063,anonymous,EN,anth1411,1,5.38,5.38,30.342,1,2,5.675,5.675,8.012,1,1,1.502,10.34,11.744,2,3,5.225,5.225,7.291,1,2,1.234,1.234,3.34,1,1,3.343,3.343,5.097,1,3,7.209,7.209,8.295,1,1,7.127,7.127,9.144,1,2,1.288,1.288,3.252,1,3,5.813,5.813,7.216,1,50,,5,3,4,2,2,5,4,6,1,1,1,1,6,1,4,5,5,1,2,1,1,2,2,1,4,6,8,7,3,3,10,6,2,5,5,,5,10,Maschio,22,53,carta,,,,,sasso,,forbice,,forbice,,,,,forbice,,sasso,,,,carta,,forbice,,,sasso,,,,sasso
2021-04-15 11:01:07,2021-04-15 11:17:08,0,93.70.73.209,100,960,1,2021-04-15 11:17:08,R_1IaR0ENubjF6hIs,,,,,45.5431060791016,11.54150390625,anonymous,EN,GICI0904,1,7.107,7.107,8.177,1,3,0.831,0.831,2.076,1,1,0.518,0.518,1.037,1,2,0.324,0.324,0.841,1,1,0.374,0.374,0.877,1,1,0.711,0.711,1.228,1,3,0.363,0.803,1.208,2,3,0.379,0.379,0.873,1,1,0.432,0.432,0.997,1,2,0.361,0.361,0.782,1,20,100,1,3,5,1,1,3,7,3,3,8,7,4,3,2,7,4,3,8,2,1,2,2,2,3,0,,,,0,,,,10,3,,,3,5,M,22,7,forbice,,,carta,,,,sasso,,,,forbice,,forbice,sasso,,carta,,,,forbice,,,sasso,forbice,,,sasso,,
2021-04-15 10:57:37,2021-04-15 11:18:22,0,79.1.160.4,100,1244,1,2021-04-15 11:18:22,R_XAq7MYPhd6e58LT,,,,,45.3491058349609,11.8713989257813,anonymous,EN,riar0904,1,2.359,2.359,4.622,1,1,14.458,14.458,15.731,1,3,3.668,3.668,6.427,1,2,4.602,4.602,6.641,1,2,8.83,8.83,9.933,1,3,2.697,2.697,3.532,1,2,2.084,2.084,3.164,1,2,0.737,0.737,1.506,1,2,2.422,2.422,3.362,1,2,4.76,8.515,9.7,2,0,100,7,4,5,5,6,5,4,4,6,2,3,2,5,2,5,2,6,1,3,2,4,4,3,,,,1,,,,,2,1,,,,,1,maschio,22,48,forbice,,,,sasso,,carta,,,,,carta,,,carta,,,sasso,sasso,,,sasso,,,,carta,,sasso,,
2021-04-15 10:57:41,2021-04-15 11:19:33,0,47.53.198.187,100,1311,1,2021-04-15 11:19:33,R_3CCqJ9KchnXuQSe,,,,,45.6618041992188,12.2427978515625,anonymous,EN,antv2412,1,2.123,2.123,4.108,1,1,4.691,4.691,6.658,1,1,1.505,1.505,3.398,1,1,2.006,2.006,3.889,1,1,1.457,1.457,3.829,1,1,3.092,3.092,5.328,1,1,1.462,1.462,3.262,1,1,1.439,1.439,3.287,1,1,1.651,1.651,3.868,1,1,1.861,1.861,4.071,1,100,100,1,1,1,1,1,1,2,3,5,1,1,4,8,3,3,3,4,8,5,1,3,4,4,7,0,0,0,6,0,6,0,2,2,7,0,0,0,7,M,120,19,carta,,,,carta,,,forbice,,,carta,,,forbice,sasso,,sasso,,,carta,,,forbice,,sasso,,,,carta,
2021-04-15 10:59:36,2021-04-15 11:22:17,0,87.2.191.235,100,1360,1,2021-04-15 11:22:17,R_2PAudsiS9C7ZzME,,,,,45.4936981201172,12.2449951171875,anonymous,EN,Femo1111,1,3.313,3.313,4.112,1,1,1.412,1.412,2.072,1,2,1.101,1.101,1.646,1,1,3.183,3.714,3.746,2,3,0.685,0.685,1.292,1,3,0.638,1.117,1.144,2,2,0.833,0.833,1.387,1,3,1.052,1.052,1.619,1,1,4.673,4.673,5.708,1,2,5.101,5.101,5.739,1,15,20,5,5,6,3,3,4,5,4,6,8,5,3,3,4,5,3,5,2,3,2,3,2,3,1,2,0,0,0,1,,,3,3,2,2,0,3,1,F,21,58,carta,,,,forbice,,,,carta,,forbice,,forbice,,,,,forbice,sasso,,,,,sasso,sasso,,,carta,,
2021-04-15 10:57:40,2021-04-15 11:23:39,0,93.37.208.232,100,1559,1,2021-04-15 11:23:40,R_SN9961G11WkyNFf,,,,,45.5558929443359,12.2429046630859,anonymous,EN,loco0510,3,19.72,19.72,20.801,1,2,4.277,4.277,5.354,1,2,4.828,4.828,5.976,1,3,3.862,3.862,4.977,1,3,1.138,1.138,2.24,1,1,10.071,10.071,11.488,1,3,8.965,8.965,11.047,1,3,6.213,6.213,7.377,1,3,4.034,4.034,5.46,1,2,14.151,14.151,15.261,1,0,81,3,3,3,3,3,3,5,5,3,3,6,2,4,3,5,5,5,1,4,2,4,3,2,7,0,0,0,0,10,5,0,0,0,0,5,0,0,10,Maschio,21,43,,sasso,,,,sasso,,,forbice,forbice,,,carta,,,,forbice,,,,forbice,,,carta,,,sasso,sasso,,
2021-04-15 10:58:56,2021-04-15 11:24:57,0,151.51.142.102,100,1560,1,2021-04-15 11:24:57,R_25GeTPpieIM2MJg,,,,,45.4096069335938,11.8946990966797,anonymous,EN,arpa0907,3,6.072,6.072,7.038,1,1,1.332,1.332,2.023,1,1,1.072,1.072,1.728,1,2,0.612,0.612,1.298,1,1,4.398,4.398,5.085,1,3,2.703,2.703,3.27,1,1,3.764,3.764,4.419,1,3,0.73,0.73,1.481,1,2,1.334,1.334,1.865,1,2,4.97,4.97,5.793,1,50,10,6,4,3,5,2,4,4,6,4,2,5,3,8,4,5,6,5,1,3,4,4,2,3,3,5,1,1,0,2,,,,5,,5,,,4,F,22,37,,sasso,,,sasso,,,sasso,,,,carta,,sasso,sasso,,,forbice,,carta,,,,sasso,,forbice,,forbice,,
2021-04-15 10:57:37,2021-04-15 11:39:10,0,79.24.247.254,100,2493,1,2021-04-15 11:39:11,R_3NvWlNGy9pPIpRW,,,,,45.4936981201172,12.2449951171875,anonymous,EN,leco0509,1,3.965,3.965,5.571,1,2,14.213,14.213,15.469,1,3,1.731,1.731,3.113,1,3,8.743,8.743,9.959,1,1,5.671,5.671,6.966,1,2,1.162,1.162,2.283,1,2,3.939,3.939,5.26,1,3,8.687,8.687,9.996,1,2,2.114,2.114,3.437,1,1,2.192,2.192,3.531,1,82,30,1,1,1,1,1,1,4,5,2,8,2,2,8,8,6,4,3,2,3,2,2,2,2,1,0,0,0,1,0,0,1,0,0,1,0,0,0,2,maschio,22,38,carta,,,,,forbice,sasso,,,forbice,,,,carta,sasso,sasso,,,carta,,,,,carta,,carta,,,sasso,
2021-04-15 20:28:21,2021-04-15 20:39:49,0,151.82.127.162,100,687,1,2021-04-15 20:39:49,R_27yezYoTo4OJGS1,,,,,45.4411010742188,10.7613067626953,anonymous,EN,gamo1512,1,1.214,1.214,2.176,1,1,0.7,0.7,1.761,1,1,1.81,1.81,2.91,1,1,0.898,0.898,2.216,1,2,3.03,3.03,4.066,1,3,2.448,2.448,3.567,1,1,2.248,2.248,6.958,1,3,1.333,1.333,2.496,1,2,1.374,1.374,2.968,1,1,1.906,1.906,3.106,1,40,70,3,4,5,2,2,2,2,1,2,8,1,1,3,8,2,2,4,1,2,1,1,2,1,5,2,,1,,3,1,,,1,,,,1,1,Maschio,21,16,sasso,,,,forbice,,,carta,,,sasso,,,,forbice,,,sasso,,forbice,,,,sasso,,forbice,,,carta,
2021-04-12 12:03:09,2021-04-12 12:03:32,0,5.170.225.59,1,23,0,2021-04-19 12:03:35,R_2VmbfMzRxxiiCEC,,,,,,,anonymous,EN,arel2807,,,,,,,,,,,,,,,,,,,,,,,,,,,,,,,,,,,,,,,,,,,,,,,,,,,,,,,,,,,,,,,,,,,,,,,,,,,,,,,,,,,,,,,,,,,,,,,,,,,,,,,,,,,,,,,,,,,,,,,,,,,
2021-04-12 12:02:35,2021-04-12 12:03:51,0,79.41.15.119,69,76,0,2021-04-19 12:03:54,R_1E5MSmS5nBdZpGH,,,,,,,anonymous,EN,atol3107,2,1.948,1.948,3.455,1,1,0.775,0.775,2.371,1,3,1.065,1.065,2.292,1,1,0.711,0.711,2.202,1,2,0.414,0.414,1.704,1,2,1.135,1.135,2.248,1,3,1.059,1.059,2.599,1,3,1.569,1.569,2.757,1,1,1.287,1.287,2.57,1,2,0.987,0.987,2.154,1,,,,,,,,,,,,,,,,,,,,,,,,,,,,,,,,,,,,,,,,,,,,,,carta,,carta,,sasso,,,,carta,,,,forbice,sasso,,,,,forbice,,,sasso,forbice,,,carta,,
2021-04-12 12:02:43,2021-04-12 12:04:32,0,158.148.176.41,88,109,0,2021-04-19 12:04:33,R_equijjvbX6XZoEp,,,,,,,anonymous,EN,Inrz1211,2,0.702,0.702,1.346,1,1,0.474,3.517,4.04,4,2,0.386,0.386,0.855,1,1,0.256,0.256,0.758,1,3,0.2,0.2,0.848,1,2,0.201,0.201,0.837,1,2,0.257,0.257,0.812,1,1,0.154,0.154,0.695,1,3,0.1,0.1,0.721,1,2,0.1,0.1,0.732,1,100,14,1,1,1,1,1,1,2,2,3,4,2,2,3,5,2,4,3,2,3,3,3,2,2,,,,,,,,,,,,,,,,,,,,,forbice,,forbice,,,,carta,,sasso,,sasso,,,carta,,,carta,,,,sasso,,,,Q209,sasso,,
2021-04-12 12:02:37,2021-04-12 12:04:37,0,2.34.168.33,69,119,0,2021-04-19 12:04:37,R_2dzPSxd8AVlxEiE,,,,,,,anonymous,EN,HIPA0108,1,5.377,5.377,7.079,1,3,4.424,4.424,5.787,1,2,0.947,2.214,2.888,2,1,0.732,0.787,2.025,2,3,1.165,2.304,3.561,2,2,0.823,0.823,1.956,1,1,1.419,1.419,2.897,1,1,2.373,3.525,4.281,2,2,2.196,2.196,3.53,1,2,0.76,0.76,1.904,1,,,,,,,,,,,,,,,,,,,,,,,,,,,,,,,,,,,,,,,,,,,,carta,,,sasso,,,,,sasso,,forbice,,carta,,,carta,,,,forbice,,,forbice,,,carta,,carta,,
2021-04-12 12:10:19,2021-04-12 12:11:34,0,158.148.29.212,69,74,0,2021-04-19 12:11:34,R_2yd5t6m3lPLN2H9,,,,,,,anonymous,EN,Meom1222,2,3.498,3.498,4.514,1,3,5.617,5.617,6.488,1,2,1.768,1.768,2.663,1,3,3.308,3.308,4.009,1,1,1.768,1.768,2.412,1,1,0.949,0.949,1.542,1,1,0.638,0.638,1.827,1,1,0.808,0.808,1.509,1,2,0.606,0.606,1.324,1,1,0.794,0.794,1.329,1,,,,,,,,,,,,,,,,,,,,,,,,,,,,,,,,,,,,,,,,,,,,,,carta,sasso,,,,,sasso,sasso,,,,forbice,sasso,,sasso,,,carta,,,carta,,,sasso,,,sasso,
2021-04-12 12:27:01,2021-04-12 12:27:36,0,79.46.246.37,1,35,0,2021-04-19 12:27:38,R_3O1wxSeq2Hrr62Y,,,,,,,anonymous,EN,aria0401,,,,,,,,,,,,,,,,,,,,,,,,,,,,,,,,,,,,,,,,,,,,,,,,,,,,,,,,,,,,,,,,,,,,,,,,,,,,,,,,,,,,,,,,,,,,,,,,,,,,,,,,,,,,,,,,,,,,,,,,,,,
2021-04-15 10:57:44,2021-04-15 11:15:23,0,176.206.229.154,98,1058,0,2021-04-22 11:15:24,R_27yhVHcWFW6FBOF,,,,,,,anonymous,EN,sava0304,1,2.379,2.379,3.519,1,1,1.699,1.699,4.785,1,1,0.93,0.93,3.302,1,3,0.64,0.64,1.388,1,1,1.62,1.62,2.547,1,3,1.343,1.343,2.183,1,1,1.649,1.649,2.703,1,3,8.177,10.24,11.406,3,1,0.875,0.875,1.991,1,2,1.22,1.22,1.866,1,100,40,1,1,5,3,1,1,1,5,6,1,1,3,6,1,2,5,6,1,2,1,2,3,1,2,0,0,2,1,,,,,2,1,,,1,4,,,,forbice,,,,carta,,,sasso,,carta,,,,carta,sasso,,,forbice,,carta,,,,sasso,carta,,,forbice,,
